totalMatchingArticles,maxAllowedPage,articles,status,OEM SKU
0,0,[],200,74306-TBA-A11
0,0,[],200,61319253777
0,0,[],200,MMK501079MAX
0,0,[],200,1987432336
0,0,[],200,21460-ZW40B-BP
0,0,[],200,EG912H D456
0,0,[],200,74151-SDC-A00
0,0,[],200,LP2011
0,0,[],200,R1431
0,0,[],200,6PK1260
0,0,[],200,BD3508
0,0,[],200,4G0853887C
0,0,[],200,77377-22060
0,0,[],200,F026407209
0,0,[],200,MF65D23R-OH
0,0,[],200,P50115
0,0,[],200,000979940
0,0,[],200,3671501
0,0,[],200,ORHY-25100-03010
0,0,[],200,T2H41149
0,0,[],200,0120-NHW20
0,0,[],200,EL1400
0,0,[],200,2121I18SMFNS60LXXXXP
0,0,[],200,42783862
0,0,[],200,R1305
0,0,[],200,19368465
0,0,[],200,TAB-202
0,0,[],200,1K0723131 4J4
0,0,[],200,A4637202435
0,0,[],200,3CN853818C 9B9
0,0,[],200,4K0837249
0,0,[],200,96945-6CA0A
0,0,[],200,51395-TBA-A00
0,0,[],200,P65028
0,0,[],200,500339012
0,0,[],200,0242135524
0,0,[],200,R1008
0,0,[],200,12361-38160MAP
0,0,[],200,21487-1KA0AMAX
0,0,[],200,3555488
0,0,[],200,FB2202M
0,0,[],200,76846-TA5-A01
0,0,[],200,SM2754520LB22
0,0,[],200,5802814289
0,0,[],200,A2538888300
0,0,[],200,CTR-CRM33
0,0,[],200,FR3Z-5K898-A
0,0,[],200,7PK2320
0,0,[],200,P85118
0,0,[],200,ADT322114
0,0,[],200,CRN-36CTR
0,0,[],200,EP35JXTP
0,0,[],200,1K0407271BP
0,0,[],200,71103-T3L-A01
0,0,[],200,58307-33180
0,0,[],200,MF34B19LS-IN
0,0,[],200,P85084
0,0,[],200,06L145874D
0,0,[],200,68252518AA-BP
0,0,[],200,42537365
0,0,[],200,87940-36200
0,0,[],200,89348-42190
0,0,[],200,11127599009
0,0,[],200,11127638639
0,0,[],200,32-K67-A
0,0,[],200,SM2256017LT22
0,0,[],200,93161626
0,0,[],200,94810532252
0,0,[],200,P36022
0,0,[],200,SP-1249
0,0,[],200,574709
0,0,[],200,P36018
0,0,[],200,09.D531.13
0,0,[],200,CTR-CLT69
0,0,[],200,ADS72101
0,0,[],200,BZS99.00292
0,0,[],200,71-38957-00
0,0,[],200,M2654519S422
0,0,[],200,41210621
0,0,[],200,A2536703300
0,0,[],200,R1836
0,0,[],200,481400161
0,0,[],200,E172HD35
0,0,[],200,1987432097
0,0,[],200,68750-JA01A
0,0,[],200,735682604
0,0,[],200,16618935
0,0,[],200,SP-1379
0,0,[],200,PSR138743
0,0,[],200,AMR-105D31R-HI-BH
0,0,[],200,87940-0DA30
0,0,[],200,76686K13AE
0,0,[],200,5801926270
0,0,[],200,H90W29
0,0,[],200,CFF469000P
0,0,[],200,0451103336
0,0,[],200,84013-0K140
0,0,[],200,BMS32.00026
0,0,[],200,1EL 008 540-551
0,0,[],200,2121K07MF78A72XXXXXP
0,0,[],200,0384-001
0,0,[],200,LA181
0,0,[],200,74232-52550-C0
0,0,[],200,439762
0,0,[],200,MAB-069
0,0,[],200,205-65R15-MX1-MAP5
0,0,[],200,C2Z27767
0,0,[],200,ADG02159
0,0,[],200,FBP-1727
0,0,[],200,09025229
0,0,[],200,2121K10MFN50XXXXXXXP
0,0,[],200,VB655013
0,0,[],200,R1858
0,0,[],200,171Z7502454518UHPWXA
0,0,[],200,1D9 007 450-131
0,0,[],200,2121I18SMF210H52XXXP
0,0,[],200,31705-X385E
0,0,[],200,M2954020LT22
0,0,[],200,GDB1884
0,0,[],200,DA-NI-423A
0,0,[],200,56101-60800
0,0,[],200,P85130
0,0,[],200,655.840
0,0,[],200,1457433585
0,0,[],200,3579001
0,0,[],200,SBP008-671
0,0,[],200,15284313
0,0,[],200,444-1148L-LDHM2
0,0,[],200,ADF122108
0,0,[],200,53601-SWA-A03
0,0,[],200,CMF-N70
0,0,[],200,85014-VK401
0,0,[],200,900698
0,0,[],200,7PK1642-CON
0,0,[],200,CMF-N120L
0,0,[],200,CET147
0,0,[],200,5801331271
0,0,[],200,500346074
0,0,[],200,H27001
0,0,[],200,E776L
0,0,[],200,6PK2005-TDR
0,0,[],200,138648
0,0,[],200,E961LC
0,0,[],200,SM2055516JP22
0,0,[],200,AC586000P
0,0,[],200,WP-12-050
0,0,[],200,751.610
0,0,[],200,48632-0K010-GR
0,0,[],200,0242235769
0,0,[],200,77010-0K201
0,0,[],200,25843484
0,0,[],200,V10-73-0002
0,0,[],200,87910-02M80
0,0,[],200,99450512
0,0,[],200,R2208
0,0,[],200,21504-WM40A
0,0,[],200,4PK1215-TDR
0,0,[],200,19371548
0,0,[],200,218948-1X4
0,0,[],200,88862640
0,0,[],200,MAF082
0,0,[],200,885679-BULK
0,0,[],200,99162411701
0,0,[],200,22853025
0,0,[],200,83800-52G00
0,0,[],200,R2729
0,0,[],200,BR2454019PS22
0,0,[],200,A2215000816
0,0,[],200,228.235.023.010Z
0,0,[],200,0580314545
0,0,[],200,CLC174000S
0,0,[],200,85330-0K052
0,0,[],200,LVR038743
0,0,[],200,PSR113063
0,0,[],200,0120-KCP90
0,0,[],200,R1212
0,0,[],200,PSR0P366
0,0,[],200,R2230
0,0,[],200,34908-1HB0A
0,0,[],200,SBP008-631
0,0,[],200,E155H D122
0,0,[],200,LP2172
0,0,[],200,4459026
0,0,[],200,R1832_BOTTLE
0,0,[],200,ORC-13595628
0,0,[],200,SBP019-781
0,0,[],200,84950-5KA0A
0,0,[],200,09.8877.31
0,0,[],200,PSR160223
0,0,[],200,19020-RL8-A01
0,0,[],200,68217808AB-BP
0,0,[],200,R1526
0,0,[],200,M2757016LX22
0,0,[],200,R2750
0,0,[],200,FDB4394
0,0,[],200,0242235707
0,0,[],200,71125-TEA-T01
0,0,[],200,7PK2130-TDR
0,0,[],200,82945-1LA0B
0,0,[],200,81130-26B00-BP
0,0,[],200,82877-3KA0B
0,0,[],200,51607BRE
0,0,[],200,CBF55050029
0,0,[],200,34732
0,0,[],200,PSR128313
0,0,[],200,CBF55050030
0,0,[],200,89611-52021
0,0,[],200,ORT-16100-0H030
0,0,[],200,1266250011
0,0,[],200,SP-1451
0,0,[],200,C69226
0,0,[],200,‎ХА 40037
0,0,[],200,P85129
0,0,[],200,A2642200300
0,0,[],200,R1141
0,0,[],200,LP2098
0,0,[],200,AR4178
0,0,[],200,H14W07
0,0,[],200,1987432436
0,0,[],200,A1572000000
0,0,[],200,K2854522HP7122
0,0,[],200,V10-2562
0,0,[],200,E2947LC
0,0,[],200,92277805
0,0,[],200,9A7325026
0,0,[],200,171Z7502555519701VXA
0,0,[],200,P06035
0,0,[],200,JL2Z-6N867-A
0,0,[],200,R1409
0,0,[],200,A9608325993
0,0,[],200,CTR-CRHO58
0,0,[],200,37106892845
0,0,[],200,1160200026
0,0,[],200,E61H D215
0,0,[],200,A3054022US22
0,0,[],200,N200-IN
0,0,[],200,3697001
0,0,[],200,P85126
0,0,[],200,E3900LI
0,0,[],200,87915-0K920
0,0,[],200,228.235.045.001Z
0,0,[],200,46100-T2F-A02
0,0,[],200,892942-BULK
0,0,[],200,A2554520GS22
0,0,[],200,16031-31030
0,0,[],200,LVR0N2443
0,0,[],200,LRS32.00056A
0,0,[],200,4897578
0,0,[],200,ADC443114
0,0,[],200,ORN-339332
0,0,[],200,1141139
0,0,[],200,D2657016PT22
0,0,[],200,ORI-8-97327-218-1
0,0,[],200,SM2555518PE22
0,0,[],200,F026400157
0,0,[],200,161C0302456018ECOTHA
0,0,[],200,04111-31562
0,0,[],200,85355-14481
0,0,[],200,7DPK2074-CON
0,0,[],200,92122005
0,0,[],200,27410-3KA0A
0,0,[],200,64210
0,0,[],200,R2308
0,0,[],200,LS2077
0,0,[],200,CU25002
0,0,[],200,LR169904
0,0,[],200,1987432083
0,0,[],200,1004980047
0,0,[],200,19101990
0,0,[],200,441-19B9R-UE
0,0,[],200,161H04S2355517SKD304
0,0,[],200,161Z7502457516ROADSA
0,0,[],200,33107586235
0,0,[],200,48510-09Q30TIB
0,0,[],200,OE640/8
0,0,[],200,ADT32287
0,0,[],200,171Z7502355518701VXA
0,0,[],200,8161191
0,0,[],200,BD-5151
0,0,[],200,EP68JX-EP70JX2
0,0,[],200,LS2080
0,0,[],200,31358641
0,0,[],200,BR2156016E322
0,0,[],200,1K0947419A
0,0,[],200,60002
0,0,[],200,60000
0,0,[],200,4M0885995C 4PK
0,0,[],200,7PK2280-TDR
0,0,[],200,2121K10MFN70LXXXXXXP
0,0,[],200,EC2R
0,0,[],200,940430
0,0,[],200,LR122710
0,0,[],200,4PK855-TDR
0,0,[],200,216548
0,0,[],200,161H04P2056515SKH301
0,0,[],200,5802873933
0,0,[],200,235-60R18-MX1-HPM3
0,0,[],200,HAB-154
0,0,[],200,88453-60020
0,0,[],200,896352
0,0,[],200,559510
0,0,[],200,HU715/5X
0,0,[],200,M29540224V22
0,0,[],200,0242236544
0,0,[],200,212470940019
0,0,[],200,51722-SS0-004-GR
0,0,[],200,215-70R16C-MX1-MCV
0,0,[],200,89666-60A30
0,0,[],200,AX43-TDR
0,0,[],200,CFF187001S
0,0,[],200,79330-TR0-A01
0,0,[],200,A203500085407
0,0,[],200,P285-60R18-HT760
0,0,[],200,A2C92025000Z
0,0,[],200,2991601
0,0,[],200,12305-0C011N
0,0,[],200,VB600044
0,0,[],200,41823129
0,0,[],200,M28540214V22
0,0,[],200,5184370AI
0,0,[],200,A2254519GS22
0,0,[],200,A2135467100
0,0,[],200,BZS32.00039
0,0,[],200,85208-60060
0,0,[],200,C25004
0,0,[],200,1987432357
0,0,[],200,09.B742.51
0,0,[],200,51137351371
0,0,[],200,FU2456517ROAD22
0,0,[],200,4M8821172K
0,0,[],200,A000230441187
0,0,[],200,F026400343
0,0,[],200,LVR0L1713
0,0,[],200,11823-1KC0A
0,0,[],200,885700
0,0,[],200,BMS62.00076
0,0,[],200,0092S30150
0,0,[],200,P06064
0,0,[],200,5801321873
0,0,[],200,447150-4840
0,0,[],200,439486
0,0,[],200,HU12006Z
0,0,[],200,38398
0,0,[],200,3033801
0,0,[],200,MF55D23L-IN
0,0,[],200,ACP1310000P
0,0,[],200,51147440684
0,0,[],200,C2754020SP22
0,0,[],200,98030900
0,0,[],200,7PK1515
0,0,[],200,6PK2150-CON
0,0,[],200,PSR043203
0,0,[],200,ORHY-37300-2G700
0,0,[],200,42537758
0,0,[],200,R2902
0,0,[],200,PSR163033
0,0,[],200,22946634
0,0,[],200,PSR117253
0,0,[],200,F-N1507LF
0,0,[],200,LRS32.00015
0,0,[],200,2121I18SMF55D23LXXXP
0,0,[],200,P85073
0,0,[],200,95025705-BP
0,0,[],200,1987432235
0,0,[],200,61-43190-00
0,0,[],200,11220-ED000-GR
0,0,[],200,7DPK2074-TDR
0,0,[],200,GN1Z-12029-B
0,0,[],200,E647L
0,0,[],200,R3140
0,0,[],200,F026400296
0,0,[],200,SBP011-971
0,0,[],200,500396838
0,0,[],200,KD1723
0,0,[],200,C2695/2
0,0,[],200,97626-C7000 DWN
0,0,[],200,R1228
0,0,[],200,50482BRE
0,0,[],200,11137621072
0,0,[],200,ORT-28100-75091
0,0,[],200,SBP018-351
0,0,[],200,51337223651
0,0,[],200,E358H D246
0,0,[],200,161C0302156516ENVIHA
0,0,[],200,90404-19017
0,0,[],200,ORHY-37300-22650
0,0,[],200,09.C549.11
0,0,[],200,88515-60160
0,0,[],200,2503836
0,0,[],200,BD3493
0,0,[],200,CFF262000S
0,0,[],200,A1648690221
0,0,[],200,500354892
0,0,[],200,R1406
0,0,[],200,6PK2200-TDR
0,0,[],200,ORT-341363
0,0,[],200,F026400122
0,0,[],200,106923
0,0,[],200,EC37
0,0,[],200,7184091
0,0,[],200,SBP006-691
0,0,[],200,3397006835
0,0,[],200,A2857017AT22
0,0,[],200,AP119/4
0,0,[],200,161Z7502557016ROADTA
0,0,[],200,BMS17.00022
0,0,[],200,LP2110
0,0,[],200,AE91000P
0,0,[],200,A211427002064
0,0,[],200,MF65D23L-OH
0,0,[],200,CTR-CEN146L
0,0,[],200,6PK1335-TDR
0,0,[],200,13048-5RB0A
0,0,[],200,438266
0,0,[],200,2841
0,0,[],200,VAS18.00074
0,0,[],200,SM1856514GT22
0,0,[],200,5006312780
0,0,[],200,4D0971993
0,0,[],200,ADN12287
0,0,[],200,APYC959-BULK
0,0,[],200,SBP013-331
0,0,[],200,32219345
0,0,[],200,P65008
0,0,[],200,212330070001
0,0,[],200,VAS32.00011
0,0,[],200,45535-0K010-GR
0,0,[],200,12731179
0,0,[],200,ORT-27060-0C110
0,0,[],200,54467-AX001-GR
0,0,[],200,87945-06904
0,0,[],200,971698231B
0,0,[],200,48521-1HA0AMAX
0,0,[],200,161C0301757014ECPNRA
0,0,[],200,0PB115351
0,0,[],200,73150-SZA-A01
0,0,[],200,3PK750
0,0,[],200,7PK1950
0,0,[],200,P85120
0,0,[],200,71198-TEA-T01
0,0,[],200,51417279342
0,0,[],200,ORN-332117
0,0,[],200,19030-5G0-A01
0,0,[],200,23220-0P210
0,0,[],200,1.801.000
0,0,[],200,82840-60020
0,0,[],200,SU003-01603
0,0,[],200,11428583895
0,0,[],200,3474001
0,0,[],200,R1007
0,0,[],200,CMF-105D31L
0,0,[],200,CU25001
0,0,[],200,F026407078
0,0,[],200,0320-FDR
0,0,[],200,CFF475000P
0,0,[],200,275-70R17-BF1-KO2
0,0,[],200,PSR0G0673
0,0,[],200,E196HND03
0,0,[],200,2358701
0,0,[],200,C3361-2
0,0,[],200,C2953521CSCM22
0,0,[],200,87940-06909
0,0,[],200,J9C20992
0,0,[],200,73151-TVA-A01
0,0,[],200,88703-YC090
0,0,[],200,108901
0,0,[],200,3177801
0,0,[],200,ORT-27060-31120
0,0,[],200,1987432301
0,0,[],200,12305-0T130
0,0,[],200,A17140000255337
0,0,[],200,225-65R17-MX0-HPM3
0,0,[],200,216521
0,0,[],200,5802997716
0,0,[],200,4PK950-TDR
0,0,[],200,36236
0,0,[],200,TSB-KSP90F
0,0,[],200,LP1868
0,0,[],200,AMR-55B24L-HI
0,0,[],200,NX2454518NFSU22
0,0,[],200,C2D51165
0,0,[],200,161Z7502657015ROADTA
0,0,[],200,6407A121T-BP
0,0,[],200,AMR-DIN100-PR
0,0,[],200,8161343
0,0,[],200,43222-AX000
0,0,[],200,E122HD187
0,0,[],200,94660210404
0,0,[],200,97626-2T000 HAN
0,0,[],200,7PK2160-TDR
0,0,[],200,561823531A
0,0,[],200,C14130
0,0,[],200,EG841H D449
0,0,[],200,SM2553519JU22
0,0,[],200,LRS32.00076
0,0,[],200,71118-T3L-A00
0,0,[],200,P85124
0,0,[],200,BD6461
0,0,[],200,41285236
0,0,[],200,68610-0K012
0,0,[],200,7PK2345-CON
0,0,[],200,445910-1150
0,0,[],200,GDB2078
0,0,[],200,195-60R16-TY1-CF2
0,0,[],200,APYC34
0,0,[],200,44764
0,0,[],200,885752
0,0,[],200,K2157016KC5322
0,0,[],200,F026407107
0,0,[],200,14530-P13-000
0,0,[],200,R3560
0,0,[],200,A2135406405
0,0,[],200,R2006
0,0,[],200,MBF015222
0,0,[],200,R1161
0,0,[],200,SMF-65-660
0,0,[],200,89516-0D280
0,0,[],200,SP-1512
0,0,[],200,MZM-DERH
0,0,[],200,105922
0,0,[],200,EP53LB2
0,0,[],200,H504/4L-1
0,0,[],200,ADT32238
0,0,[],200,AP032/3
0,0,[],200,88409
0,0,[],200,SMF-54018
0,0,[],200,5949812273
0,0,[],200,CTR-CEN146R
0,0,[],200,88320-48320
0,0,[],200,3542001
0,0,[],200,GDB1724
0,0,[],200,P85085
0,0,[],200,BR2454519S1R22B
0,0,[],200,P65027
0,0,[],200,53301-53100
0,0,[],200,32205574
0,0,[],200,1457433227
0,0,[],200,1EX 014 690-041
0,0,[],200,P50108
0,0,[],200,2977
0,0,[],200,161H04P1856515SKH301
0,0,[],200,MBC030129
0,0,[],200,AR7030
0,0,[],200,53811-BZ560-BP
0,0,[],200,F026400394
0,0,[],200,46010-VS41A
0,0,[],200,ORN-23100-CD010
0,0,[],200,ORT-339086
0,0,[],200,185-60R15-MX0-MAP5
0,0,[],200,LP2249
0,0,[],200,5G1819703H
0,0,[],200,5801520890
0,0,[],200,195R15-MX0-UE168N
0,0,[],200,24299053
0,0,[],200,84895-5EE0A
0,0,[],200,19372395
0,0,[],200,E455L02
0,0,[],200,NSB-052
0,0,[],200,0986494191
0,0,[],200,Y19515CP22
0,0,[],200,P50117
0,0,[],200,17279081
0,0,[],200,88460-0D390-BP
0,0,[],200,WP-01-150
0,0,[],200,588001
0,0,[],200,52610-TR0-Y23
0,0,[],200,1EL 008 540-561
0,0,[],200,F026400148
0,0,[],200,CMF-N150L
0,0,[],200,92600-1JA2B-BP
0,0,[],200,WP-12-070
0,0,[],200,71-42761-00
0,0,[],200,99476929
0,0,[],200,MMN163999DEN
0,0,[],200,0332019203
0,0,[],200,882-1124RMLDEMC
0,0,[],200,2121K07MF67043XXXXXP
0,0,[],200,6PK1140
0,0,[],200,100401
0,0,[],200,42570732
0,0,[],200,265-50R19-TY1-PXPS
0,0,[],200,7PK1920-TDR
0,0,[],200,D2156516ST2022
0,0,[],200,FB2160M
0,0,[],200,80215-STX-A01
0,0,[],200,30271
0,0,[],200,LR067369
0,0,[],200,R2716
0,0,[],200,43KWD07
0,0,[],200,CUK2847/1
0,0,[],200,0986356331
0,0,[],200,5801554263
0,0,[],200,438264
0,0,[],200,85355-50080
0,0,[],200,NX2753019NFS23
0,0,[],200,WP-01-100
0,0,[],200,P50116
0,0,[],200,82840-1LA1A
0,0,[],200,MMI030107
0,0,[],200,151H04L18514SKD305R
0,0,[],200,980329
0,0,[],200,C30005
0,0,[],200,6PK2560
0,0,[],200,97139-B8000 HAN
0,0,[],200,A221880025964
0,0,[],200,CJ5Z-1015-A
0,0,[],200,102142
0,0,[],200,65015
0,0,[],200,439684
0,0,[],200,079131055DJ
0,0,[],200,D19515SP1722
0,0,[],200,A0009976109
0,0,[],200,22868913
0,0,[],200,161Z7502657516ROADTA
0,0,[],200,ADT342167
0,0,[],200,171Z7502155517WUHPTA
0,0,[],200,KD2511
0,0,[],200,KX400D
0,0,[],200,1987947957
0,0,[],200,MBC035054
0,0,[],200,AC-37128
0,0,[],200,19372132
0,0,[],200,0242140528
0,0,[],200,3358701
0,0,[],200,KL82
0,0,[],200,8A8Z-5A638-C
0,0,[],200,84210-60030
0,0,[],200,A26-TDR
0,0,[],200,6PK1710
0,0,[],200,VAS32.00002
0,0,[],200,1987435534
0,0,[],200,R3114
0,0,[],200,E861H D413
0,0,[],200,1D9 007 450-161
0,0,[],200,TC1133
0,0,[],200,23369582
0,0,[],200,2992693
0,0,[],200,42104286
0,0,[],200,16620-0S011MAX
0,0,[],200,5G0807221BJGRU
0,0,[],200,19372403
0,0,[],200,225-60R18-MX0-HPM3
0,0,[],200,6PK2625-TDR
0,0,[],200,D4080-1LB0A
0,0,[],200,PSRE20691
0,0,[],200,SP-1255
0,0,[],200,07149197943
0,0,[],200,245-75R16-TY1-OPUT
0,0,[],200,87940-60610
0,0,[],200,22401-ED814
0,0,[],200,A2870
0,0,[],200,CTR-CLN1
0,0,[],200,43512-33140MAX
0,0,[],200,33956-TF0-J51ZK
0,0,[],200,5949794993
0,0,[],200,AWA0-19-750A
0,0,[],200,31508487445
0,0,[],200,441-11G1R-MLDEM2
0,0,[],200,ORHY-37300-2B300
0,0,[],200,6PK1835-TDR
0,0,[],200,4016A001-GR
0,0,[],200,G2755021EG22
0,0,[],200,A00486
0,0,[],200,0188-URS206
0,0,[],200,M1956515M222
0,0,[],200,LP3219
0,0,[],200,EP52L1
0,0,[],200,49100-4H400
0,0,[],200,BMS32.00035
0,0,[],200,31200-RNA-A01DEN
0,0,[],200,06M133554A
0,0,[],200,EAF00145T
0,0,[],200,ORH-30520-RRA-007
0,0,[],200,R1016
0,0,[],200,14D1194CH
0,0,[],200,130504
0,0,[],200,ADT343269
0,0,[],200,51717266545
0,0,[],200,72716-4JA2A
0,0,[],200,1457433159
0,0,[],200,21511-3CJA0
0,0,[],200,265-70R17-TY1-OPAT
0,0,[],200,31189-5G0-A02
0,0,[],200,ORN-23300-EN20A
0,0,[],200,BR2754022AL22
0,0,[],200,FBP-1119
0,0,[],200,LVR087273
0,0,[],200,95325758
0,0,[],200,SBP010-971
0,0,[],200,P85076
0,0,[],200,8K0121058A
0,0,[],200,0242236653
0,0,[],200,504078223
0,0,[],200,F026400180
0,0,[],200,E314H01 D58
0,0,[],200,ORN-22448-1LA0B
0,0,[],200,FDB1932
0,0,[],200,73211-SZA-Y01
0,0,[],200,D8640-1LB0A
0,0,[],200,PSR0P3853
0,0,[],200,ORM-1800A452
0,0,[],200,ORT-90919-02266
0,0,[],200,FN2354018FK22
0,0,[],200,MMI030097
0,0,[],200,ADT343219
0,0,[],200,R1424
0,0,[],200,4B0201935T
0,0,[],200,216401-1X1
0,0,[],200,HK21545ZR18K127
0,0,[],200,ADN142172
0,0,[],200,ORG-95524739
0,0,[],200,1987435016
0,0,[],200,21635-EA500
0,0,[],200,2121K17MF57412
0,0,[],200,481272081
0,0,[],200,18307646023
0,0,[],200,LR050248
0,0,[],200,98350-A4010
0,0,[],200,4056A049-GR
0,0,[],200,85353-60050-C1
0,0,[],200,M1800A117DEN
0,0,[],200,16750535
0,0,[],200,AX44
0,0,[],200,LSR005143
0,0,[],200,5949801353
0,0,[],200,MPH46
0,0,[],200,CP79000S
0,0,[],200,39194FEB
0,0,[],200,A015997614564
0,0,[],200,2121I18SMF55559XXXXP
0,0,[],200,09.C985.21
0,0,[],200,85354-60050-A1
0,0,[],200,441-11C2L-MLD-EM
0,0,[],200,51147026186
0,0,[],200,GWT-144A
0,0,[],200,48521-JA00AMAX
0,0,[],200,KD2755
0,0,[],200,99450511
0,0,[],200,MAB-063
0,0,[],200,90660
0,0,[],200,216509-1X5
0,0,[],200,3604501
0,0,[],200,CJ5Z-9B659-A
0,0,[],200,216538
0,0,[],200,68085784AA-BP
0,0,[],200,VKM38077
0,0,[],200,D1956515LM7022
0,0,[],200,ADB112212
0,0,[],200,R1506
0,0,[],200,48068-59095T
0,0,[],200,06K115243AB
0,0,[],200,80220-T6A-941
0,0,[],200,16711-28340
0,0,[],200,51142348097
0,0,[],200,SBP021-641
0,0,[],200,75441-BZ300
0,0,[],200,07K121065P
0,0,[],200,5168158AB-BP
0,0,[],200,E2919LC-2
0,0,[],200,ORN-21010-3TA0B
0,0,[],200,135047
0,0,[],200,0092M60180
0,0,[],200,GN10691-12B1
0,0,[],200,84941-1HD1A
0,0,[],200,8312A019-BP
0,0,[],200,BR2257016H522
0,0,[],200,20W-50CH4/SJ-5L-1X5
0,0,[],200,28710-F1630
0,0,[],200,7PK2105MIT
0,0,[],200,13717612014
0,0,[],200,A2C53345695Z
0,0,[],200,PSR005733
0,0,[],200,89173-49505
0,0,[],200,483580121
0,0,[],200,DA-TO-156A
0,0,[],200,235-55R20-MX0-HPM3
0,0,[],200,HU821X
0,0,[],200,MR210762
0,0,[],200,E455L01-2
0,0,[],200,ORT-16100-79245
0,0,[],200,2568301
0,0,[],200,E2996LC
0,0,[],200,M22545194S22
0,0,[],200,3397118979
0,0,[],200,LP2022
0,0,[],200,P85136
0,0,[],200,1987435026
0,0,[],200,275-55R20-TY1-OPUT
0,0,[],200,E2998LI
0,0,[],200,AMR-HW-245H52R
0,0,[],200,95562830411G2X
0,0,[],200,51717213643
0,0,[],200,8W5827302A
0,0,[],200,AB177000P
0,0,[],200,17611-65J00
0,0,[],200,8330A566-BP
0,0,[],200,EP41LB1
0,0,[],200,CTR-CLM11
0,0,[],200,75720-12731
0,0,[],200,F026407210-BULK
0,0,[],200,15W-40CH4/SJ-4L
0,0,[],200,A22290508098R73
0,0,[],200,SK3124
0,0,[],200,EAF00332T
0,0,[],200,11101-29627
0,0,[],200,C1361
0,0,[],200,92121805
0,0,[],200,BMS99.00394
0,0,[],200,440-1161L-LDHEM
0,0,[],200,12372-23010-GR
0,0,[],200,SM2257015GMAX22
0,0,[],200,260340-0530
0,0,[],200,C3698/3-2
0,0,[],200,M3153520SS22
0,0,[],200,504073875
0,0,[],200,A0035466243
0,0,[],200,5PK1790-TDR
0,0,[],200,ADV182225
0,0,[],200,5K0959702J Z0B
0,0,[],200,0986494416
0,0,[],200,194076
0,0,[],200,13537577649
0,0,[],200,VAS47.00018
0,0,[],200,900696
0,0,[],200,PSR160293
0,0,[],200,1687410-BP
0,0,[],200,5PK1025-TDR
0,0,[],200,W7015
0,0,[],200,MPN18
0,0,[],200,H155WK02
0,0,[],200,73230-0K020-E1
0,0,[],200,1457429192
0,0,[],200,225-65R17-TY1-OPUT
0,0,[],200,3CN845011L NVB
0,0,[],200,SBP008-411
0,0,[],200,A4474706500
0,0,[],200,75770-58110
0,0,[],200,98115754AS
0,0,[],200,GDB1733
0,0,[],200,75860-60050
0,0,[],200,75740-53021
0,0,[],200,1457437001
0,0,[],200,3963501
0,0,[],200,1987432383
0,0,[],200,MPMF6360
0,0,[],200,90917-06072
0,0,[],200,85208-30160
0,0,[],200,481372081
0,0,[],200,CMF-65D23L
0,0,[],200,R1166
0,0,[],200,A2710720043
0,0,[],200,48331-12210-GR
0,0,[],200,216336
0,0,[],200,A4159580390
0,0,[],200,GWT-54ATIB
0,0,[],200,884A0-26040-BP
0,0,[],200,ORHY-25100-4A710
0,0,[],200,1D9 007 450-141
0,0,[],200,77020-60430
0,0,[],200,6PK1210
0,0,[],200,51357179682
0,0,[],200,3397011432
0,0,[],200,MAB-034
0,0,[],200,19372553
0,0,[],200,04715-T6A-900ZZ
0,0,[],200,60208BRE
0,0,[],200,09598179
0,0,[],200,ORN-77010-68163
0,0,[],200,09.A773.11
0,0,[],200,359.260
0,0,[],200,88460-30B70
0,0,[],200,23300-1S711DEN
0,0,[],200,52562-60110
0,0,[],200,CU22016
0,0,[],200,151H04L16513SKD305S
0,0,[],200,7PK2215-TDR
0,0,[],200,KL38
0,0,[],200,M2656018LT22
0,0,[],200,84732-37050
0,0,[],200,72310-TA0-A01
0,0,[],200,079103583
0,0,[],200,R1229
0,0,[],200,P59042
0,0,[],200,50810-T2F-A01
0,0,[],200,72918-60021
0,0,[],200,85330-0E030
0,0,[],200,64116845413
0,0,[],200,235-60R16-MX0-HPM3
0,0,[],200,161H04S2256017SKD304
0,0,[],200,441-1184R-MLD-EM
0,0,[],200,ADH22114
0,0,[],200,8337A068-BP
0,0,[],200,E2980LC
0,0,[],200,A2657516AP22
0,0,[],200,61012
0,0,[],200,2440903
0,0,[],200,FBX100
0,0,[],200,DAC37720037M-KIT
0,0,[],200,CMF-56638-VOL
0,0,[],200,DF4862S
0,0,[],200,3C0820231
0,0,[],200,19101997
0,0,[],200,8K0260707AA
0,0,[],200,09.A358.11
0,0,[],200,74101-SDC-A00
0,0,[],200,51167471285
0,0,[],200,0252568320
0,0,[],200,A2457017AP22
0,0,[],200,25933427
0,0,[],200,441-19B3R-AE
0,0,[],200,TSB-822
0,0,[],200,205-60R16-MX0-HPM3
0,0,[],200,A20586006859C94
0,0,[],200,892942
0,0,[],200,1NA 007 976-121
0,0,[],200,72762-3JA0A
0,0,[],200,504120057
0,0,[],200,225-55R18-TY1-PXR4
0,0,[],200,1K8809857C GRU
0,0,[],200,7PK1830
0,0,[],200,MD5190MAP
0,0,[],200,441-11B9L-LD-EM
0,0,[],200,LR025755
0,0,[],200,85242-60140
0,0,[],200,GN10366-12B1
0,0,[],200,2409801
0,0,[],200,C30153/2
0,0,[],200,E15H D58
0,0,[],200,AD90000S
0,0,[],200,45535-0K010MAX
0,0,[],200,216483
0,0,[],200,3397118933
0,0,[],200,8002A791
0,0,[],200,FBP-1326
0,0,[],200,31608636505
0,0,[],200,43704
0,0,[],200,314-1133L-US2
0,0,[],200,74101-TBA-A00
0,0,[],200,20W-50SL-4L-1X4
0,0,[],200,R1533
0,0,[],200,CTR-CVT103
0,0,[],200,SM2255516PE22
0,0,[],200,481400161-BULK
0,0,[],200,ATFDEXRONIII-1L-1X1
0,0,[],200,700R16-12-MX1-MXS
0,0,[],200,34550-TLA-G01
0,0,[],200,265-60R18-TY1-PXPS
0,0,[],200,06K133681E
0,0,[],200,CT908-CON
0,0,[],200,PSR0P4343
0,0,[],200,1987474552
0,0,[],200,12305-0C011-GR
0,0,[],200,19371545
0,0,[],200,OX832D
0,0,[],200,7PK1935
0,0,[],200,3397013509
0,0,[],200,SP-2084
0,0,[],200,74404-06140
0,0,[],200,7P6807186  GRU
0,0,[],200,81220-06071
0,0,[],200,185-65R15-TY1-CF2
0,0,[],200,41296801
0,0,[],200,87106-35180
0,0,[],200,A2218800428
0,0,[],200,09.D905.13
0,0,[],200,SBP014-361
0,0,[],200,51719808096
0,0,[],200,504367236
0,0,[],200,ORM-341455
0,0,[],200,ORN-23300-MA00A
0,0,[],200,504096682
0,0,[],200,R1103
0,0,[],200,42128171
0,0,[],200,A9064101616
0,0,[],200,6PK1205-TDR
0,0,[],200,A2156016AP22
0,0,[],200,TSB-GRJ158F
0,0,[],200,ORN-23300-VC20A
0,0,[],200,CBF55050018
0,0,[],200,500432237
0,0,[],200,EL3640
0,0,[],200,BMS32.00073
0,0,[],200,SMF-55D23R
0,0,[],200,A2055010725
0,0,[],200,P2355018PZ22
0,0,[],200,H103/1L-1
0,0,[],200,A2386802304
0,0,[],200,E2945LC
0,0,[],200,SMF-73011
0,0,[],200,1570284-BP
0,0,[],200,MAP-1468
0,0,[],200,4M0837249
0,0,[],200,R1131
0,0,[],200,P85102
0,0,[],200,1H0953123E
0,0,[],200,31030-4H530
0,0,[],200,265-75R16-BF1-KO2
0,0,[],200,A2358516AP22
0,0,[],200,9P1853601
0,0,[],200,ADC42267
0,0,[],200,LR014132TIB
0,0,[],200,R1532
0,0,[],200,122ZBS19
0,0,[],200,48061-26010-GR
0,0,[],200,MK421272
0,0,[],200,1986S00687
0,0,[],200,F026407275
0,0,[],200,88710-6B530
0,0,[],200,1987949191
0,0,[],200,FB2041M
0,0,[],200,DCP05078
0,0,[],200,97033316136
0,0,[],200,2500901
0,0,[],200,PSR117973
0,0,[],200,42127253
0,0,[],200,BZS32.00044
0,0,[],200,A2656517AP22
0,0,[],200,7L0820411GTIB
0,0,[],200,88410-60A01
0,0,[],200,FA360002
0,0,[],200,216427-1X1
0,0,[],200,SBP018-451
0,0,[],200,68751-3KA0A
0,0,[],200,LR014133TIB
0,0,[],200,CLC51030222-BULK
0,0,[],200,MMF025050
0,0,[],200,CTR-CLM39R
0,0,[],200,A00479
0,0,[],200,ORHY-25100-3C131
0,0,[],200,P44016
0,0,[],200,151H04L19515SKD305Q
0,0,[],200,GL2656018GRAH22
0,0,[],200,F026400151
0,0,[],200,94610602660
0,0,[],200,R1176
0,0,[],200,13229-MA70A
0,0,[],200,4G0199381LB
0,0,[],200,85222-0K070
0,0,[],200,54618-50Y00-GR
0,0,[],200,GDB1548
0,0,[],200,5184369AH
0,0,[],200,R1013
0,0,[],200,30691FEB
0,0,[],200,VAS66.00004
0,0,[],200,96301-1AP0B
0,0,[],200,FU2657016ROAD22
0,0,[],200,58307-33191
0,0,[],200,P50125
0,0,[],200,216361
0,0,[],200,8T0821172M
0,0,[],200,M2954019PS422
0,0,[],200,KL2
0,0,[],200,SBP015-951
0,0,[],200,2121K10MFDIN55LXXXXP
0,0,[],200,585190
0,0,[],200,PSR15505
0,0,[],200,HM-FDR
0,0,[],200,0115-ZRT270T
0,0,[],200,670930
0,0,[],200,F026407179
0,0,[],200,SP-1460
0,0,[],200,5F9Z-3A619-AA
0,0,[],200,H14W30
0,0,[],200,92261003
0,0,[],200,21460-1LA0B-BP
0,0,[],200,19372447
0,0,[],200,92122-VW000MX
0,0,[],200,89465-52690
0,0,[],200,ORT-344204
0,0,[],200,87915-60050-A1
0,0,[],200,CMF-65D23L-VOL
0,0,[],200,11210-8J000-GR
0,0,[],200,29609
0,0,[],200,A2227200205
0,0,[],200,1987432382
0,0,[],200,A2154518GS22
0,0,[],200,MX913619
0,0,[],200,65061-60341
0,0,[],200,R2737
0,0,[],200,PSR0LF983
0,0,[],200,1266250006
0,0,[],200,41007440427
0,0,[],200,09.C987.21
0,0,[],200,NAB-S50B
0,0,[],200,174790
0,0,[],200,BZS32.00043
0,0,[],200,50610-T2A-A01
0,0,[],200,84010-78260
0,0,[],200,A-1513
0,0,[],200,MMI030101
0,0,[],200,84896-6CA3A
0,0,[],200,504060000
0,0,[],200,439649
0,0,[],200,3PK675-TDR
0,0,[],200,13517593024
0,0,[],200,135004
0,0,[],200,5085A045
0,0,[],200,2997864
0,0,[],200,225-40ZR18-HP5
0,0,[],200,0092S30180
0,0,[],200,3QF820102
0,0,[],200,R2203
0,0,[],200,SM2355518LT22
0,0,[],200,SP-1230
0,0,[],200,4PK900-TDR
0,0,[],200,89341-48010-A3
0,0,[],200,51717376344
0,0,[],200,SFO5609E
0,0,[],200,R1224
0,0,[],200,42559779
0,0,[],200,NX2054517NSU22
0,0,[],200,98041700
0,0,[],200,R1164
0,0,[],200,00004330632
0,0,[],200,66310-L2000
0,0,[],200,CLT29
0,0,[],200,APYC952-BULK
0,0,[],200,1987435501
0,0,[],200,F026407092
0,0,[],200,48530-09P50
0,0,[],200,0123-YAR
0,0,[],200,3538701
0,0,[],200,ORT-339360
0,0,[],200,C21020
0,0,[],200,M1856515M222
0,0,[],200,ADN12510
0,0,[],200,84140-06550
0,0,[],200,1.801.A10
0,0,[],200,1172083
0,0,[],200,MF90D26L-OH
0,0,[],200,36770-T0A-A02
0,0,[],200,R1557
0,0,[],200,E125H D209
0,0,[],200,77300-0K010
0,0,[],200,ORHY-27300-2E000
0,0,[],200,LRS17.00008
0,0,[],200,K2355519KL3322
0,0,[],200,27317
0,0,[],200,R1441
0,0,[],200,51317285915
0,0,[],200,3540001
0,0,[],200,8W0959802
0,0,[],200,481410161-BULK
0,0,[],200,06M103485D
0,0,[],200,19372126
0,0,[],200,0986424797
0,0,[],200,P06076
0,0,[],200,F026407128
0,0,[],200,BZS62.00107
0,0,[],200,R1434
0,0,[],200,ORT-16100-29085
0,0,[],200,447750-6290
0,0,[],200,BR2854522AL22B
0,0,[],200,504286536
0,0,[],200,0242240665
0,0,[],200,5G9853687  2ZZ
0,0,[],200,TRKB-ACU25
0,0,[],200,ORN-22448-EA000
0,0,[],200,CU2545
0,0,[],200,R2211
0,0,[],200,PSR0P3843
0,0,[],200,CMF-60038-VOL
0,0,[],200,64318059697
0,0,[],200,216240010001
0,0,[],200,84951-6KT0C
0,0,[],200,41285249
0,0,[],200,1.801.011
0,0,[],200,EP70JX2
0,0,[],200,50469BRE
0,0,[],200,48674-26040-GR
0,0,[],200,EC1
0,0,[],200,38616-5G0-A01
0,0,[],200,ORN-22448-1KC0A
0,0,[],200,A1775240500
0,0,[],200,48654-0K080-GR
0,0,[],200,130178
0,0,[],200,170617
0,0,[],200,481270161-BULK
0,0,[],200,E71H D141
0,0,[],200,97701-B4000-HAN
0,0,[],200,SP-4120
0,0,[],200,AJ83525
0,0,[],200,1987435547
0,0,[],200,6PK1930
0,0,[],200,10331147
0,0,[],200,A156016242164
0,0,[],200,BR2454519T522
0,0,[],200,F002H60018
0,0,[],200,215-70R16C-MX0-MCV
0,0,[],200,81551-0DA91-BP
0,0,[],200,R1315
0,0,[],200,30555
0,0,[],200,16363-28170MX
0,0,[],200,105072
0,0,[],200,APYC959
0,0,[],200,P265-65R17-MX0-MXS
0,0,[],200,WK820/2X
0,0,[],200,48632-0K040-GR
0,0,[],200,CBF55050011
0,0,[],200,R3131
0,0,[],200,F026407125
0,0,[],200,CLC51030205-BULK
0,0,[],200,0451103318
0,0,[],200,CBF55050019
0,0,[],200,849B7-1LA4B
0,0,[],200,112917/15307
0,0,[],200,19350989
0,0,[],200,FBP-1569
0,0,[],200,51391-S5A-024-GR
0,0,[],200,SM2357016LT22
0,0,[],200,1987435609
0,0,[],200,0115-SXV20RHT
0,0,[],200,5802178808
0,0,[],200,138005
0,0,[],200,CTR-CRO292
0,0,[],200,45047-09340
0,0,[],200,3397013503
0,0,[],200,73911-6CL1B
0,0,[],200,LR087085
0,0,[],200,LR049899
0,0,[],200,WK6030
0,0,[],200,A53-TDR
0,0,[],200,A2046906930
0,0,[],200,DU1856515DR24
0,0,[],200,AD06R1255
0,0,[],200,NX2157016CP523
0,0,[],200,98350-KDL60
0,0,[],200,SA-191
0,0,[],200,1006100012
0,0,[],200,21468-4KJ0A
0,0,[],200,51777448117
0,0,[],200,ADBP210016
0,0,[],200,40392
0,0,[],200,09.B504.11
0,0,[],200,3984701
0,0,[],200,LRS62.00038
0,0,[],200,447150-4691
0,0,[],200,3985101
0,0,[],200,ORN-341279
0,0,[],200,0258006747
0,0,[],200,F026407208
0,0,[],200,MPM02
0,0,[],200,53-140000000
0,0,[],200,98444271
0,0,[],200,161Z7502056015ROADPA
0,0,[],200,0241235753
0,0,[],200,3145270020
0,0,[],200,D2455018SPLM22
0,0,[],200,R1110
0,0,[],200,R1813
0,0,[],200,92165105
0,0,[],200,09992311
0,0,[],200,72390-M68P00
0,0,[],200,0242230602
0,0,[],200,265-70R18-MX1-HPM3
0,0,[],200,M2254517PS522
0,0,[],200,216341
0,0,[],200,16400-50241-BP
0,0,[],200,BD3420
0,0,[],200,AGSF-32N-X
0,0,[],200,FBP-1664
0,0,[],200,MMT119331MAX
0,0,[],200,735298
0,0,[],200,MMR403670MAX
0,0,[],200,61667301628
0,0,[],200,08.31.209
0,0,[],200,13075
0,0,[],200,LP2134
0,0,[],200,BR2756020D622
0,0,[],200,5801560797
0,0,[],200,ECI00005Y
0,0,[],200,E887L
0,0,[],200,3505601
0,0,[],200,E6210-3ST0C
0,0,[],200,P44013
0,0,[],200,P65040
0,0,[],200,R1150
0,0,[],200,WP-12-040
0,0,[],200,77030-33050
0,0,[],200,0092S50720
0,0,[],200,205-65R16-MX1-ME3
0,0,[],200,K1656514KH2722
0,0,[],200,ADC44261
0,0,[],200,51608-SNA-000
0,0,[],200,R3152
0,0,[],200,F026407181
0,0,[],200,23100-3XA2ADEN
0,0,[],200,37230-35120-GR
0,0,[],200,76620-T0A-A02
0,0,[],200,SBP018-241
0,0,[],200,90-038975-00
0,0,[],200,500354895
0,0,[],200,E816H D236
0,0,[],200,56200-5JT4B
0,0,[],200,A22388041009040
0,0,[],200,D2454518LM70522
0,0,[],200,MAP-1852MS
0,0,[],200,M2356018LTN22
0,0,[],200,1987946046
0,0,[],200,40206-4BA0AMAX
0,0,[],200,0986494121
0,0,[],200,87130-60160
0,0,[],200,4F0881969C 1KA
0,0,[],200,WP-06-240
0,0,[],200,95533305161
0,0,[],200,E84KP D148
0,0,[],200,95862011300
0,0,[],200,NX1756514NBL222
0,0,[],200,LRS62.00070
0,0,[],200,28100-22030E
0,0,[],200,ORT-341398
0,0,[],200,A00478
0,0,[],200,SM2554518PE22
0,0,[],200,215-60R16-TY1-CF2T
0,0,[],200,1687408-BP
0,0,[],200,48520-09J80TIB
0,0,[],200,504062171
0,0,[],200,213989
0,0,[],200,5DC 009 060-211
0,0,[],200,15284309
0,0,[],200,A2354019GSP22
0,0,[],200,2963902
0,0,[],200,LR033265
0,0,[],200,E150HD26
0,0,[],200,1987946251
0,0,[],200,A2780
0,0,[],200,R1117
0,0,[],200,11826-EY09D
0,0,[],200,99448193
0,0,[],200,R1807
0,0,[],200,HU514X
0,0,[],200,4412
0,0,[],200,504192165
0,0,[],200,LP2105
0,0,[],200,5802016084
0,0,[],200,55302-KK111-C0
0,0,[],200,PSRE21524
0,0,[],200,R1560
0,0,[],200,5NA955103A
0,0,[],200,R1404
0,0,[],200,19347172
0,0,[],200,52127-26120-BP
0,0,[],200,3220-001
0,0,[],200,ADV182113
0,0,[],200,CMF-85D26R-VOL
0,0,[],200,265-50R20-MX1-HPM3
0,0,[],200,660.260
0,0,[],200,4PK1080MIT
0,0,[],200,CTR-CET147
0,0,[],200,ADT32290
0,0,[],200,ORS-17400-69G00
0,0,[],200,P30074
0,0,[],200,BZS17.00222
0,0,[],200,LP1998
0,0,[],200,WP-13-040
0,0,[],200,51167366045
0,0,[],200,SM1956515GT22
0,0,[],200,900710-BULK
0,0,[],200,ORT-27060-50390
0,0,[],200,99453948
0,0,[],200,84306-60150
0,0,[],200,8200352861MAP
0,0,[],200,01465-T2A-A02
0,0,[],200,NAB-209
0,0,[],200,E2949LC
0,0,[],200,87351-6CA3A
0,0,[],200,5PK1546-CON
0,0,[],200,6068
0,0,[],200,LP1852
0,0,[],200,ADN12288
0,0,[],200,885677-BULK
0,0,[],200,CTR-CLM39L
0,0,[],200,447610-3830
0,0,[],200,ORN-348029
0,0,[],200,6410A186-BP
0,0,[],200,5184651AH-BP
0,0,[],200,NAB-J32S
0,0,[],200,85727
0,0,[],200,19331880
0,0,[],200,LP2233
0,0,[],200,0284-001
0,0,[],200,160783
0,0,[],200,98044700
0,0,[],200,701576
0,0,[],200,P50127
0,0,[],200,8138938
0,0,[],200,MSB-040
0,0,[],200,5Q0122058Q
0,0,[],200,2477954
0,0,[],200,CR917000P
0,0,[],200,EP68J-EP70J2
0,0,[],200,LR088859
0,0,[],200,19372402
0,0,[],200,68218924UB
0,0,[],200,FW02407
0,0,[],200,H140W30
0,0,[],200,FBP-1400
0,0,[],200,88306-36060
0,0,[],200,75741-0K911
0,0,[],200,161Z7502355519701XXA
0,0,[],200,19372419
0,0,[],200,ORT-339395
0,0,[],200,84650-8N700
0,0,[],200,CLR12701/32AT
0,0,[],200,41007438919
0,0,[],200,4PK866-CON
0,0,[],200,H929X
0,0,[],200,BR2354518T523
0,0,[],200,NAB-337
0,0,[],200,TSB-JZS177F
0,0,[],200,P50142
0,0,[],200,E2998LB
0,0,[],200,A00452
0,0,[],200,1987432369
0,0,[],200,T2H1436
0,0,[],200,SP-1182
0,0,[],200,ORM-MD972934
0,0,[],200,27060-0M090E
0,0,[],200,SBP011-421
0,0,[],200,22862028
0,0,[],200,1006100010/HD
0,0,[],200,5801451154
0,0,[],200,40669
0,0,[],200,8301C812-BP
0,0,[],200,D2256018ST3022
0,0,[],200,A1726300400
0,0,[],200,LR083130
0,0,[],200,85242-BZ160
0,0,[],200,ACP231000S
0,0,[],200,215-65R16-TY1-CF2S
0,0,[],200,51360-T7J-H11
0,0,[],200,ORN-23100-JA11B
0,0,[],200,R1324
0,0,[],200,51497046318
0,0,[],200,08.5178.31
0,0,[],200,F026400615
0,0,[],200,0986424739
0,0,[],200,ADN12215
0,0,[],200,A002230231187
0,0,[],200,12101-36050
0,0,[],200,21306-EZ30A
0,0,[],200,SMF-56638
0,0,[],200,3002612113
0,0,[],200,28100-31040DEN
0,0,[],200,A2079057201
0,0,[],200,3397011525
0,0,[],200,R1019
0,0,[],200,0215-Z51T
0,0,[],200,M2555519LT22
0,0,[],200,51148057980
0,0,[],200,86631-C2700
0,0,[],200,BR1856515EP0122
0,0,[],200,2199-11J100
0,0,[],200,EC2
0,0,[],200,BR2754020DPS21B
0,0,[],200,A00273
0,0,[],200,KD2605
0,0,[],200,TSP0325338
0,0,[],200,R2301
0,0,[],200,245-60R18-MX0-HPM3
0,0,[],200,500042643
0,0,[],200,NX2656018SUPR23
0,0,[],200,TAB-346
0,0,[],200,1K0199555AP
0,0,[],200,GN10691
0,0,[],200,E135HD14
0,0,[],200,50470BRE
0,0,[],200,13717848381
0,0,[],200,SM2754020LB22
0,0,[],200,7PK1830MIT
0,0,[],200,1987435574
0,0,[],200,R1842_BOTTLE
0,0,[],200,PSR155313
0,0,[],200,81A951523  XHA
0,0,[],200,53147-60040
0,0,[],200,98407726
0,0,[],200,577974
0,0,[],200,ORT-334472
0,0,[],200,245-75R16-MX1-HT76
0,0,[],200,205-70R15-MX0-MA56
0,0,[],200,R1505
0,0,[],200,A1667600700
0,0,[],200,161Z7502656517ROADTA
0,0,[],200,0222-C11
0,0,[],200,77377-12050
0,0,[],200,95810606120
0,0,[],200,A2C53104587Z
0,0,[],200,88620-0D050
0,0,[],200,0415-K94
0,0,[],200,E17H01 D50
0,0,[],200,LP2196
0,0,[],200,ACP239000S
0,0,[],200,A646154090280
0,0,[],200,1987947983
0,0,[],200,48068-12250-MAX
0,0,[],200,E22-041-080Z
0,0,[],200,A0009986304
0,0,[],200,7166885
0,0,[],200,CR 262 000S
0,0,[],200,2996697
0,0,[],200,MMF025056
0,0,[],200,1457429142
0,0,[],200,LR153953
0,0,[],200,LP2047
0,0,[],200,20869232
0,0,[],200,2547801
0,0,[],200,MBC035052
0,0,[],200,HUB221T-5MAX
0,0,[],200,09.D533.13
0,0,[],200,398.260
0,0,[],200,88320-48110
0,0,[],200,LR061422
0,0,[],200,H35WK02 D87
0,0,[],200,43787
0,0,[],200,ED1R
0,0,[],200,ORHY-25100-2B000
0,0,[],200,EAF00026M
0,0,[],200,ADT322119
0,0,[],200,LR028618
0,0,[],200,19132944
0,0,[],200,BD-9199
0,0,[],200,298609404
0,0,[],200,0092S5A090
0,0,[],200,88460-37481
0,0,[],200,E376L
0,0,[],200,122XR20
0,0,[],200,079905620
0,0,[],200,15016745
0,0,[],200,29661
0,0,[],200,P85145
0,0,[],200,441-11G1L-MLDEM2
0,0,[],200,GWHO-66A
0,0,[],200,27060-0C020E
0,0,[],200,ADC42514
0,0,[],200,61319228610
0,0,[],200,E1077L
0,0,[],200,KD2726
0,0,[],200,H24W03
0,0,[],200,ADU172529
0,0,[],200,TSB-GRS190F
0,0,[],200,PXC168789P
0,0,[],200,E149HD114
0,0,[],200,MPT16
0,0,[],200,P2553519PPZR22
0,0,[],200,63843-3BB0A
0,0,[],200,LR042975TIB
0,0,[],200,P44022
0,0,[],200,ADU172106
0,0,[],200,AD07R1550
0,0,[],200,4410A180-GR
0,0,[],200,1987432102
0,0,[],200,2718401
0,0,[],200,260340-0570
0,0,[],200,ORT-28100-0D051
0,0,[],200,2317-EOS
0,0,[],200,H210A-3BBMB
0,0,[],200,60066
0,0,[],200,444-2015R-UQ
0,0,[],200,SH-05163
0,0,[],200,P06101
0,0,[],200,43707
0,0,[],200,P85113
0,0,[],200,AP118/4
0,0,[],200,0123-ACV40F
0,0,[],200,07.25.017
0,0,[],200,42570346
0,0,[],200,41211283
0,0,[],200,55020-4KD0C
0,0,[],200,AMR-95D26L-HI-BH
0,0,[],200,6PK1730
0,0,[],200,BZS32.00048
0,0,[],200,R1823
0,0,[],200,P06106
0,0,[],200,A22188059409999
0,0,[],200,0986424766
0,0,[],200,6PK2140-CON
0,0,[],200,50806-S3V-A01MAP
0,0,[],200,MP2607N
0,0,[],200,255-50R20-MX0-HPM3
0,0,[],200,MAP1841
0,0,[],200,GN1Z-9D290-D
0,0,[],200,SD-4344
0,0,[],200,R2202
0,0,[],200,R1223
0,0,[],200,4605163
0,0,[],200,P44019
0,0,[],200,MFN120-OH
0,0,[],200,CU3037
0,0,[],200,ADV182123
0,0,[],200,4PK1240-TDR
0,0,[],200,BR2754520DSA22B
0,0,[],200,R1235
0,0,[],200,885177
0,0,[],200,21174
0,0,[],200,13401-51010
0,0,[],200,506790
0,0,[],200,BMS32.00107
0,0,[],200,2433301
0,0,[],200,CBF55050013
0,0,[],200,HU7025Z
0,0,[],200,2121I18MF64589XXXXXP
0,0,[],200,AX54-TDR
0,0,[],200,A-1522
0,0,[],200,ORI-8-98248255-1
0,0,[],200,R1504
0,0,[],200,A0119905104
0,0,[],200,504032963
0,0,[],200,40930
0,0,[],200,0223-V10FL
0,0,[],200,BT4Z-1104-A
0,0,[],200,21950-1Y500
0,0,[],200,LR139929
0,0,[],200,D8203-1LB0A-GR
0,0,[],200,73380-0A110-C0
0,0,[],200,39467
0,0,[],200,215-70R15C-MX0-UE1
0,0,[],200,171H04H2454019SKH303
0,0,[],200,20W-50SL-4L
0,0,[],200,37106892846
0,0,[],200,K2356018KL2122
0,0,[],200,2910000438200
0,0,[],200,A2256516AP22
0,0,[],200,A2228302101
0,0,[],200,42108656
0,0,[],200,0317P-0DAT
0,0,[],200,1J0819439TB
0,0,[],200,R1877
0,0,[],200,MPT26
0,0,[],200,19372420
0,0,[],200,M26540214S22
0,0,[],200,D175704LM7022
0,0,[],200,52030-60170
0,0,[],200,MZM-3RR1
0,0,[],200,42389646
0,0,[],200,48817-52010-GR
0,0,[],200,PSR157203
0,0,[],200,VAS13.00148
0,0,[],200,95557231710
0,0,[],200,CMF-70027-VOL
0,0,[],200,A4479068700
0,0,[],200,41285095
0,0,[],200,6PK1980-TDR
0,0,[],200,ORHY-37300-23650
0,0,[],200,8K0399115BS
0,0,[],200,ORI-8-97245-850-0
0,0,[],200,LP3676
0,0,[],200,HEP-02ATIB
0,0,[],200,41007438921
0,0,[],200,882-1124RMLDEMY
0,0,[],200,885752-BULK
0,0,[],200,1987432370
0,0,[],200,H301/4L-1
0,0,[],200,LR136873
0,0,[],200,08.25.062
0,0,[],200,MP3891N
0,0,[],200,NX2455519RH522
0,0,[],200,11235/1
0,0,[],200,R1023
0,0,[],200,41029847
0,0,[],200,19372386
0,0,[],200,504013544
0,0,[],200,A2C53385126Z
0,0,[],200,E753L
0,0,[],200,R1555
0,0,[],200,27107597688
0,0,[],200,SBP010-331
0,0,[],200,265-70R17-BF0-KO2
0,0,[],200,406-205-012-001V
0,0,[],200,48654-0K040-GR
0,0,[],200,A211885022164
0,0,[],200,900-16-6-MX1-MXS
0,0,[],200,23220-0T120
0,0,[],200,2121K10MFDIN72LXXXXP
0,0,[],200,1035A937
0,0,[],200,85375-60290
0,0,[],200,LR049922
0,0,[],200,A156050364764
0,0,[],200,4G0399115G
0,0,[],200,ORHY-27301-2B010
0,0,[],200,95862480100
0,0,[],200,R1009
0,0,[],200,BR2855020DS22
0,0,[],200,25820729
0,0,[],200,504367235
0,0,[],200,DA-TO-1601664
0,0,[],200,38611-RL8-A01
0,0,[],200,42200-T6A-J51
0,0,[],200,1457433071
0,0,[],200,1ZS 009 452-131
0,0,[],200,BR2155517T522
0,0,[],200,19372133
0,0,[],200,16363-0H110MX
0,0,[],200,19373061
0,0,[],200,439679
0,0,[],200,CMF-58827
0,0,[],200,SM20516BD22
0,0,[],200,R1819
0,0,[],200,63310-60G90-B0
0,0,[],200,41210782
0,0,[],200,22883362
0,0,[],200,19349381
0,0,[],200,V10-4478
0,0,[],200,VB670043
0,0,[],200,ORT-90919-02239
0,0,[],200,303001
0,0,[],200,SBP016-061
0,0,[],200,M2055017S422
0,0,[],200,43560-26010MAX
0,0,[],200,205-65R15-TY1-CF2
0,0,[],200,109XY25
0,0,[],200,A99906061205
0,0,[],200,42562715
0,0,[],200,KD2749
0,0,[],200,6PK2460-TDR
0,0,[],200,E863H D360
0,0,[],200,2704/2700
0,0,[],200,1987435585
0,0,[],200,CTR-CRT116
0,0,[],200,AC41000S
0,0,[],200,EJ7Z-3078-A-BP
0,0,[],200,75601-60062-B1
0,0,[],200,R1876
0,0,[],200,0288-R51
0,0,[],200,88568-60060
0,0,[],200,7PK1635-CON
0,0,[],200,6PK1820-TDR
0,0,[],200,KD3045
0,0,[],200,1001210058
0,0,[],200,1987948495
0,0,[],200,MR655581
0,0,[],200,MF105D31R-IN
0,0,[],200,1987432402
0,0,[],200,2121I18SMFN50LXXXXXP
0,0,[],200,117MY21
0,0,[],200,NX2657016RH5222
0,0,[],200,ORHY-36100-37210
0,0,[],200,39360
0,0,[],200,215-70R16-TY1-OPUT
0,0,[],200,21487-1L000MX
0,0,[],200,ADT396516
0,0,[],200,AGM - EA105L6
0,0,[],200,CLC160000S
0,0,[],200,51117451353
0,0,[],200,TOTALATFOIL1L
0,0,[],200,50821-S9A-023-GR
0,0,[],200,16405-0C100
0,0,[],200,4822229
0,0,[],200,6PK1220
0,0,[],200,BMS62.00007
0,0,[],200,0242235767
0,0,[],200,SBP021-521
0,0,[],200,215-60R16-MX1-MA65
0,0,[],200,ADC443110
0,0,[],200,CLC51030159-BULK
0,0,[],200,P85110
0,0,[],200,245-40R19-TY1-PXSP
0,0,[],200,71-36061-00
0,0,[],200,39741-3U026-GR
0,0,[],200,441-1146R-NDHEM
0,0,[],200,60067
0,0,[],200,ORN-23100-JR51A
0,0,[],200,3397007215
0,0,[],200,PSR0P3783
0,0,[],200,MPMF6550
0,0,[],200,51777475603
0,0,[],200,5G1837114  UBN
0,0,[],200,AD07R2120
0,0,[],200,89430-60190
0,0,[],200,P85078
0,0,[],200,E14H D77
0,0,[],200,NAB-S50S
0,0,[],200,P2255017P7R22
0,0,[],200,17227568759
0,0,[],200,BF2657016K222
0,0,[],200,53301-78060
0,0,[],200,ORM-1810A176
0,0,[],200,CT4Z-8C607-B-BP
0,0,[],200,C2Z30725
0,0,[],200,215-60R16-BF1-ADTA
0,0,[],200,CLC51030208
0,0,[],200,ADN12523
0,0,[],200,09.D938.11
0,0,[],200,02.32.037
0,0,[],200,54500-EW000MAX
0,0,[],200,R1541
0,0,[],200,SMF-40B19L
0,0,[],200,87901-36080
0,0,[],200,31958
0,0,[],200,APYC39
0,0,[],200,SBP010-711
0,0,[],200,50839-T2F-A01
0,0,[],200,710882893989
0,0,[],200,09.6665.11
0,0,[],200,R1219
0,0,[],200,ORN-23300-4W015
0,0,[],200,0986494372
0,0,[],200,0242235668
0,0,[],200,1457433703
0,0,[],200,98040200
0,0,[],200,A274070050180
0,0,[],200,99XY19
0,0,[],200,27060-0V170DEN
0,0,[],200,41032553
0,0,[],200,20909155
0,0,[],200,LAK413
0,0,[],200,32262082
0,0,[],200,161Z7502555518701XXA
0,0,[],200,E242L
0,0,[],200,66140
0,0,[],200,95450
0,0,[],200,19020-RWP-J51
0,0,[],200,A1678853505
0,0,[],200,06E145255C
0,0,[],200,MBF015857
0,0,[],200,72735-TA0-A02
0,0,[],200,532091210
0,0,[],200,251049
0,0,[],200,E2992LC-2
0,0,[],200,95561803605
0,0,[],200,641017
0,0,[],200,41285214
0,0,[],200,19372465
0,0,[],200,LR034214TIB
0,0,[],200,5W-40SN-4L
0,0,[],200,ADT342186
0,0,[],200,F026407143
0,0,[],200,PSR149553
0,0,[],200,88460-60410TIB
0,0,[],200,140E2-3XL0A
0,0,[],200,G2656018EG22
0,0,[],200,17118625422
0,0,[],200,38300-1LB3C
0,0,[],200,1457433714
0,0,[],200,R3534
0,0,[],200,19372389
0,0,[],200,85315-12600
0,0,[],200,4PK870-TDR
0,0,[],200,VB543016
0,0,[],200,0092S40560
0,0,[],200,ORT-16100-29155
0,0,[],200,F026400219
0,0,[],200,885758
0,0,[],200,A2478307800
0,0,[],200,72763-3JA0A
0,0,[],200,PSRE22504
0,0,[],200,CMF-105D31R-VOL
0,0,[],200,88320-37080
0,0,[],200,0523-GJRR
0,0,[],200,EB5Z-19712-G
0,0,[],200,958616503B
0,0,[],200,FBP-1047
0,0,[],200,80220-T5R-A01
0,0,[],200,AMR-95D26R-HI-BH
0,0,[],200,A25788071029999
0,0,[],200,E204H D218
0,0,[],200,161Z7501956015ROADXA
0,0,[],200,R1852_BOTTLE
0,0,[],200,E660L
0,0,[],200,7147311312
0,0,[],200,4M8831404A
0,0,[],200,1457433091
0,0,[],200,MBF015128
0,0,[],200,AMR-DIN90-PR
0,0,[],200,3471101
0,0,[],200,PSR0G3373
0,0,[],200,CMF-N150-VOL
0,0,[],200,M2856018PS22
0,0,[],200,828659
0,0,[],200,VAS32.00091
0,0,[],200,H 201/20L
0,0,[],200,A-7495
0,0,[],200,MF125D31R-IN
0,0,[],200,188
0,0,[],200,15835084
0,0,[],200,C30028
0,0,[],200,SBP009-331
0,0,[],200,19372459
0,0,[],200,R1501
0,0,[],200,P06052
0,0,[],200,A37
0,0,[],200,215-60R16-MX1-HP5
0,0,[],200,MBF015849
0,0,[],200,ORT-339025
0,0,[],200,A2C53182240Z
0,0,[],200,1457433004
0,0,[],200,176477
0,0,[],200,MP-2219N
0,0,[],200,574591
0,0,[],200,0187-ACV40
0,0,[],200,SMF-95D31R
0,0,[],200,R1444
0,0,[],200,ADT322116
0,0,[],200,500410832
0,0,[],200,R2303
0,0,[],200,0258986602
0,0,[],200,M2454518P322
0,0,[],200,R1014
0,0,[],200,ORT-27060-0L022
0,0,[],200,99463244
0,0,[],200,TM2197
0,0,[],200,E3950LC-2
0,0,[],200,CTR-CLF29
0,0,[],200,CMF-MR27
0,0,[],200,51337008626
0,0,[],200,94860302503
0,0,[],200,EP45J
0,0,[],200,LC3Z-7902-F
0,0,[],200,161Z7502056515ROADPA
0,0,[],200,DOT3-0.5L
0,0,[],200,51621-T2F-315
0,0,[],200,68950-0K211
0,0,[],200,AS3163
0,0,[],200,LP2447
0,0,[],200,09.9825.11
0,0,[],200,P44018
0,0,[],200,42104210
0,0,[],200,500304187
0,0,[],200,CP601000P
0,0,[],200,87105-36060
0,0,[],200,A2C80027900Z
0,0,[],200,72700-9DJ2A
0,0,[],200,20W-50CH4/SJ-20L
0,0,[],200,HU932/6N
0,0,[],200,62022W750P-BP
0,0,[],200,BR2753019PS22
0,0,[],200,5.50R13-MX1-UE168N
0,0,[],200,D2356516C0122
0,0,[],200,E2948LC
0,0,[],200,R1192
0,0,[],200,215-45R17-MX0-HPM3
0,0,[],200,F026400375
0,0,[],200,E203H D67
0,0,[],200,CTR-CLHO36
0,0,[],200,42127252
0,0,[],200,E2998LC
0,0,[],200,168000-5480
0,0,[],200,AB139000P
0,0,[],200,LR061421
0,0,[],200,E1071L
0,0,[],200,7511
0,0,[],200,0986424741
0,0,[],200,ORT-334478
0,0,[],200,54560-EE530-GR
0,0,[],200,11040030
0,0,[],200,7PK1960
0,0,[],200,F026400593
0,0,[],200,MPH60
0,0,[],200,V10-4310
0,0,[],200,958616403
0,0,[],200,51389BRE
0,0,[],200,7PK1760-TDR
0,0,[],200,BMS32.00075
0,0,[],200,ORHY-25100-26902
0,0,[],200,MF80D26L-IN
0,0,[],200,19372416
0,0,[],200,ORT-349024
0,0,[],200,K1296
0,0,[],200,ADN12140
0,0,[],200,19210285
0,0,[],200,LR025663
0,0,[],200,12361-75080-GR
0,0,[],200,PSRE21562
0,0,[],200,D2156016LM70522
0,0,[],200,2121K10MF55B24LXXXXP
0,0,[],200,7415A151HA-BP
0,0,[],200,1987432381
0,0,[],200,3D1837015AQ
0,0,[],200,CP79000P
0,0,[],200,90962
0,0,[],200,06G906036AH
0,0,[],200,51137300010
0,0,[],200,MXMR554120
0,0,[],200,4PK1010-TDR
0,0,[],200,2473803
0,0,[],200,FR3Z-1125-F
0,0,[],200,27060-0T121-BP
0,0,[],200,1457429185
0,0,[],200,88501-0C070
0,0,[],200,19350793
0,0,[],200,275-60R20-MX1-HT77
0,0,[],200,A-3768
0,0,[],200,588051
0,0,[],200,A20588018409999
0,0,[],200,4K5807067A GRU
0,0,[],200,TSB-001
0,0,[],200,C25110-2
0,0,[],200,63119479262
0,0,[],200,K1201A-2X
0,0,[],200,6204DDU-NSK
0,0,[],200,216539-1X1
0,0,[],200,19372464
0,0,[],200,42085270
0,0,[],200,ORHY-37300-2B150
0,0,[],200,A2653522USPO22
0,0,[],200,SBP007-731
0,0,[],200,51718224985
0,0,[],200,CR1930000P
0,0,[],200,E1249L-2
0,0,[],200,6PK2510-CON
0,0,[],200,185-65R15-MX0-ME3
0,0,[],200,161Z7502356517701XXA
0,0,[],200,CDAB-013
0,0,[],200,PSR0G0683
0,0,[],200,A2215010125
0,0,[],200,BD3496
0,0,[],200,885758-BULK
0,0,[],200,S2210-71760
0,0,[],200,13712753082
0,0,[],200,LRS62.00071
0,0,[],200,JRS62.00037
0,0,[],200,8V0857607 MG6
0,0,[],200,04437-0R062
0,0,[],200,710882893613-BULK
0,0,[],200,7PK1910
0,0,[],200,67627322747
0,0,[],200,88716-6B800
0,0,[],200,3397013501
0,0,[],200,VB650204086
0,0,[],200,SBP014-351
0,0,[],200,2121K10MF38B20LXXXXP
0,0,[],200,41201172
0,0,[],200,MMD343562DEN
0,0,[],200,R1416
0,0,[],200,1K3 132 266-011
0,0,[],200,27060-0H120E
0,0,[],200,ASM-81
0,0,[],200,0261520219
0,0,[],200,P86029
0,0,[],200,P23115
0,0,[],200,1987432379
0,0,[],200,HU514Y
0,0,[],200,MBC030212
0,0,[],200,CTR-CRHO40
0,0,[],200,251046
0,0,[],200,84840-52030
0,0,[],200,SBP008-661
0,0,[],200,ADC42238
0,0,[],200,D2856018BAT222
0,0,[],200,0301-ODIIIR
0,0,[],200,7D0953123A
0,0,[],200,42118227
0,0,[],200,37230-26030-GR
0,0,[],200,161Z7501956515VRDPRA
0,0,[],200,5NA807049A
0,0,[],200,A00206
0,0,[],200,55900-60S00
0,0,[],200,55056589AB
0,0,[],200,161Z7502356018701XLA
0,0,[],200,A33-TDR
0,0,[],200,83520-60050
0,0,[],200,2590002
0,0,[],200,44337-60220
0,0,[],200,41139-37J00
0,0,[],200,58817-48091-C0
0,0,[],200,SP-1522
0,0,[],200,MPT13
0,0,[],200,CU2338
0,0,[],200,447160-8530
0,0,[],200,51717248212
0,0,[],200,97606-2S500-DWN
0,0,[],200,A25388559049999
0,0,[],200,958521101
0,0,[],200,CET121
0,0,[],200,0242145607
0,0,[],200,P2453520PP22
0,0,[],200,R1534
0,0,[],200,04945-0K250
0,0,[],200,9L8Z-7A248-F
0,0,[],200,48820-47010-GR
0,0,[],200,33551-SWA-013-BP
0,0,[],200,16363-0P290
0,0,[],200,6407A145-BP
0,0,[],200,HK235501922
0,0,[],200,2469602
0,0,[],200,R1429
0,0,[],200,51167365113
0,0,[],200,MBC030213
0,0,[],200,599102
0,0,[],200,500086095
0,0,[],200,100398
0,0,[],200,H402/20L
0,0,[],200,P44021
0,0,[],200,P06061
0,0,[],200,4G0819209E 6PS
0,0,[],200,38631
0,0,[],200,74150-TVA-A00
0,0,[],200,02.31.167
0,0,[],200,E3982LI
0,0,[],200,MPGREASE-1KG
0,0,[],200,1EX 011 099-151
0,0,[],200,83280-T9A-Y41ZA
0,0,[],200,4791448
0,0,[],200,A2C3262120080
0,0,[],200,0242140515
0,0,[],200,216539
0,0,[],200,BR2754520PS22
0,0,[],200,7PK1855-CON
0,0,[],200,3QF011031A
0,0,[],200,F026400515
0,0,[],200,R1124
0,0,[],200,23100-EB71ADEN
0,0,[],200,CBT64
0,0,[],200,51447414836
0,0,[],200,ORH-341330
0,0,[],200,GN10446-12B1
0,0,[],200,439393
0,0,[],200,8W5827301A
0,0,[],200,20964383
0,0,[],200,GWT151A
0,0,[],200,A3512517MT22
0,0,[],200,98052100
0,0,[],200,1EG 246 041-021
0,0,[],200,AMR-55B24LS-HI
0,0,[],200,88710-26A50
0,0,[],200,1987435511
0,0,[],200,H502/1L-1
0,0,[],200,R1420
0,0,[],200,8E0823731D
0,0,[],200,1987473040
0,0,[],200,108902
0,0,[],200,95GAY-32530707R
0,0,[],200,6407A143-BP
0,0,[],200,E998LI
0,0,[],200,1987435537
0,0,[],200,VB580043
0,0,[],200,67001-60840
0,0,[],200,87050-0K480
0,0,[],200,A20590007139051
0,0,[],200,205-55R16-MX0-HPM3
0,0,[],200,R1149
0,0,[],200,CLR15180/26AT
0,0,[],200,FVY500030
0,0,[],200,44255
0,0,[],200,10139776
0,0,[],200,0420-DJ1F
0,0,[],200,PSR0LG063
0,0,[],200,WP-12-090
0,0,[],200,19376662
0,0,[],200,CE20034
0,0,[],200,6PK2260-CON
0,0,[],200,CR915000P
0,0,[],200,C2D5373XXX
0,0,[],200,R2113
0,0,[],200,1457429249
0,0,[],200,ORN-22448-1KT0A
0,0,[],200,113744
0,0,[],200,94611032831
0,0,[],200,ADM52107
0,0,[],200,26383
0,0,[],200,1EX 014 690-021
0,0,[],200,PSR127083
0,0,[],200,HU823X
0,0,[],200,R2733
0,0,[],200,AD288000P
0,0,[],200,8K0819439BTB
0,0,[],200,AMR-DIN80-PR
0,0,[],200,PSR119543
0,0,[],200,BZS32.00050
0,0,[],200,90682-SB0-003
0,0,[],200,A2216900630
0,0,[],200,R2304
0,0,[],200,49511
0,0,[],200,48332-35020-GR
0,0,[],200,5G1819728AG
0,0,[],200,BR2355018PS22
0,0,[],200,R2734
0,0,[],200,09.D763.11
0,0,[],200,95565311321
0,0,[],200,15840277
0,0,[],200,41285130
0,0,[],200,CLC51030208-BULK
0,0,[],200,BR2256517D6872
0,0,[],200,M2553519SSM22
0,0,[],200,GJ6A-51-120E-BP
0,0,[],200,174777
0,0,[],200,21200-6CA0A
0,0,[],200,ECF00037M
0,0,[],200,H317W01
0,0,[],200,35880-T0A-A12
0,0,[],200,R1439
0,0,[],200,LP2004
0,0,[],200,SBP019-881
0,0,[],200,P85165
0,0,[],200,4M8821106A
0,0,[],200,0986494405
0,0,[],200,F026400581
0,0,[],200,SH-05009
0,0,[],200,3671601
0,0,[],200,76924-EA510
0,0,[],200,11210-8J000MAX
0,0,[],200,ORN-23100-4BA0B
0,0,[],200,GP85W-140GL5-1L-1X1
0,0,[],200,8301C811-BP
0,0,[],200,63147847234
0,0,[],200,710882893989-BULK
0,0,[],200,F026407264
0,0,[],200,P50061
0,0,[],200,MPN20
0,0,[],200,54668-JA000MAX
0,0,[],200,61346973037
0,0,[],200,88320-3A231
0,0,[],200,10331148
0,0,[],200,0215-071T
0,0,[],200,1987947552
0,0,[],200,ADN12316
0,0,[],200,0580314539
0,0,[],200,09.C878.21
0,0,[],200,51167366949
0,0,[],200,22829367
0,0,[],200,CR1684000P
0,0,[],200,51147440683
0,0,[],200,1K0919309
0,0,[],200,6PK2310
0,0,[],200,AC-34116
0,0,[],200,265-65R17-BF0-ADTA
0,0,[],200,2GJ941036
0,0,[],200,FL3Z-17682-BB
0,0,[],200,Y2657016G322
0,0,[],200,ADD62109
0,0,[],200,19373064
0,0,[],200,AX60-TDR
0,0,[],200,E1075L
0,0,[],200,68218894UB
0,0,[],200,5801612480
0,0,[],200,A-1330
0,0,[],200,81561-8Y005-BP
0,0,[],200,ORM-1800A111
0,0,[],200,A2C59514934
0,0,[],200,0252535416
0,0,[],200,48609-02220-GR
0,0,[],200,CFF171000S
0,0,[],200,185-60R15-MX1-MAP5
0,0,[],200,1463-SZA-A01
0,0,[],200,E207H D221
0,0,[],200,1K0122447AG
0,0,[],200,225-55R17-MX1-HPM3
0,0,[],200,61219333404
0,0,[],200,09.C128.33
0,0,[],200,6PK1860-TDR
0,0,[],200,F026400505
0,0,[],200,CUK4436
0,0,[],200,VB700204100
0,0,[],200,500055813
0,0,[],200,75442-33290
0,0,[],200,94610701362
0,0,[],200,88501-52100
0,0,[],200,LR045337
0,0,[],200,02.31.107
0,0,[],200,11537645832
0,0,[],200,12305-21220MAX
0,0,[],200,80315-SZA-A01
0,0,[],200,93807667
0,0,[],200,92208-AA000
0,0,[],200,76258-T8N-Y01
0,0,[],200,09.D524.13
0,0,[],200,0415-CY2AT
0,0,[],200,A-N1811UF
0,0,[],200,19372462
0,0,[],200,P2454519PP22
0,0,[],200,48702-35070-GR
0,0,[],200,M28535224SP22
0,0,[],200,A00086067019116
0,0,[],200,D4060-1LB8EMAX
0,0,[],200,1987946099
0,0,[],200,A2218800060
0,0,[],200,0AM325025M Z2D
0,0,[],200,0217P-C11X
0,0,[],200,21456
0,0,[],200,DF4763S
0,0,[],200,A4637301235
0,0,[],200,215-60R17-TY1-OPUT
0,0,[],200,48654-28060-GR
0,0,[],200,6PK1145
0,0,[],200,54218195800
0,0,[],200,2488-LOG
0,0,[],200,A2386981400
0,0,[],200,67002-60840
0,0,[],200,41222255
0,0,[],200,5801715571
0,0,[],200,83181-12040
0,0,[],200,ORN-23300-EE01D
0,0,[],200,A2538852404
0,0,[],200,BF2656018TRIEL
0,0,[],200,42510-SDA-A00MAX
0,0,[],200,4PK1070MIT
0,0,[],200,SBP016-021
0,0,[],200,0287-V36
0,0,[],200,P265-65R17-MX1-MXS
0,0,[],200,APYC124-6
0,0,[],200,070048771910
0,0,[],200,500042739
0,0,[],200,8602A080
0,0,[],200,EP60JX
0,0,[],200,DA-TO-164A
0,0,[],200,3940801
0,0,[],200,PSR152253
0,0,[],200,ATL2154518FUH22
0,0,[],200,1123210012
0,0,[],200,MMF040036
0,0,[],200,R1841_BOTTLE
0,0,[],200,PSR131733
0,0,[],200,84308-0D020
0,0,[],200,F026400504
0,0,[],200,216391
0,0,[],200,ORHY-25110-2G500
0,0,[],200,E221L
0,0,[],200,63137291217
0,0,[],200,P85119
0,0,[],200,A2048602469
0,0,[],200,BMS24.00039
0,0,[],200,6PK2345-CON
0,0,[],200,506107
0,0,[],200,OC110
0,0,[],200,R1432
0,0,[],200,265-70R18-MX0-HPM3
0,0,[],200,ACC-31115
0,0,[],200,R1401
0,0,[],200,0092S40450
0,0,[],200,CLC51030159
0,0,[],200,8R0857535C
0,0,[],200,E1944LC-2
0,0,[],200,HU7010Z
0,0,[],200,3397007430
0,0,[],200,51396-TLA-A70
0,0,[],200,47474-VB000
0,0,[],200,51147044207
0,0,[],200,FBP-0013
0,0,[],200,ORN-22448-8J11C
0,0,[],200,4M0615301BJ
0,0,[],200,0242230500
0,0,[],200,EAF00083M
0,0,[],200,AMR-DIN74-PR
0,0,[],200,161Z7502156516701HXA
0,0,[],200,7PK2020
0,0,[],200,88710-0KE50
0,0,[],200,22744337MAP
0,0,[],200,6PK2345-TDR
0,0,[],200,3599701
0,0,[],200,1071.298.038
0,0,[],200,CMF-54459
0,0,[],200,99000-M24121-135
0,0,[],200,6407A146-BP
0,0,[],200,BR2056016ER22
0,0,[],200,42555416
0,0,[],200,SBP040-800
0,0,[],200,285-50R20-TY1-OPUT
0,0,[],200,574311
0,0,[],200,F026407312
0,0,[],200,ORMZ-ZJ20-18-100
0,0,[],200,F026407320
0,0,[],200,87106-11060
0,0,[],200,SM2054017PE22
0,0,[],200,A260070050080
0,0,[],200,E1132L
0,0,[],200,51718224986
0,0,[],200,23104169
0,0,[],200,34336769621
0,0,[],200,09.8875.31
0,0,[],200,54584-4H000-GR
0,0,[],200,SFCD1000
0,0,[],200,ADK84236
0,0,[],200,19371544
0,0,[],200,212500930005
0,0,[],200,25892542
0,0,[],200,F026400360
0,0,[],200,BZS35.00267
0,0,[],200,29616
0,0,[],200,2910000196100
0,0,[],200,212240170002
0,0,[],200,1ZS 354 692-021
0,0,[],200,P06087
0,0,[],200,195282
0,0,[],200,26560
0,0,[],200,2461401
0,0,[],200,3397006836
0,0,[],200,51317302233
0,0,[],200,19101991
0,0,[],200,BR2754019S122
0,0,[],200,R2206
0,0,[],200,19010-55A-Q51
0,0,[],200,FA5Z-3079-B
0,0,[],200,EM62L2
0,0,[],200,F026407175
0,0,[],200,22807708
0,0,[],200,02.32.038
0,0,[],200,39680-T0A-R51ZG
0,0,[],200,87165-0D150
0,0,[],200,0242236562
0,0,[],200,171Z7502255017UHPTVA
0,0,[],200,A2078303915
0,0,[],200,KD4207
0,0,[],200,84307-0C020
0,0,[],200,0092S40330
0,0,[],200,82877-6TA0A
0,0,[],200,19280700
0,0,[],200,06F115611A
0,0,[],200,A000906281064
0,0,[],200,76875-06030-B1
0,0,[],200,51112182402
0,0,[],200,77024-30160
0,0,[],200,17299681
0,0,[],200,85242-0E030
0,0,[],200,66340
0,0,[],200,216390
0,0,[],200,CLC66000P
0,0,[],200,2258601
0,0,[],200,84307-60140
0,0,[],200,1987948393
0,0,[],200,51167937981
0,0,[],200,245-40R20-TY1-PXSP
0,0,[],200,ORT-16100-0Y100
0,0,[],200,6PK2225-CON
0,0,[],200,2533101
0,0,[],200,BD7362
0,0,[],200,BR2953521PS22
0,0,[],200,HU6024Z
0,0,[],200,43257
0,0,[],200,R1839_BOTTLE
0,0,[],200,73128-SJC-A00
0,0,[],200,PP940/3
0,0,[],200,MF55D23L-OH
0,0,[],200,CV6Z-8A080-C
0,0,[],200,FN2454519FK22
0,0,[],200,251024
0,0,[],200,SBP008-791
0,0,[],200,CET118
0,0,[],200,6405A197-BP
0,0,[],200,2474301
0,0,[],200,L04005
0,0,[],200,1457429619
0,0,[],200,BD3507
0,0,[],200,ADT32297
0,0,[],200,48655-42060-GR
0,0,[],200,40206-JL00AMAX
0,0,[],200,265-70R17-BF1-KO2
0,0,[],200,441062081
0,0,[],200,159XY29
0,0,[],200,447610-5400
0,0,[],200,161H04P2055516SKH301
0,0,[],200,5WK9613Z
0,0,[],200,19372435
0,0,[],200,GN10756-12B1
0,0,[],200,AE116000S
0,0,[],200,68760-5RB0B
0,0,[],200,77001-0C120
0,0,[],200,51717376343
0,0,[],200,HU7029Z
0,0,[],200,MBF015422
0,0,[],200,54570-EE500-GR
0,0,[],200,SBP016-031
0,0,[],200,A1560520616
0,0,[],200,0092S5A060
0,0,[],200,K2255516PS3122
0,0,[],200,2515802
0,0,[],200,OX557D
0,0,[],200,APYC305INTL-BULK
0,0,[],200,20122
0,0,[],200,R1844
0,0,[],200,R3132
0,0,[],200,6PK1230-TDR
0,0,[],200,0242235775
0,0,[],200,R3135
0,0,[],200,A2228308200
0,0,[],200,85316-26030
0,0,[],200,ADT322122
0,0,[],200,MMI030253
0,0,[],200,E2944LC-2
0,0,[],200,28100-0T081
0,0,[],200,2455301
0,0,[],200,BR1757014E122
0,0,[],200,444.600
0,0,[],200,ME017614DEN
0,0,[],200,45527
0,0,[],200,ORHY-25100-3F000
0,0,[],200,75553-0C020
0,0,[],200,19-184081
0,0,[],200,0986494660
0,0,[],200,48815-12230-GR
0,0,[],200,E121HD01
0,0,[],200,779.180
0,0,[],200,55401-60936-C1
0,0,[],200,P85128
0,0,[],200,DL1Z-2140-D
0,0,[],200,87103-06080
0,0,[],200,5802710318
0,0,[],200,CMF-40B19L-VOL
0,0,[],200,BF2854522TRAIL
0,0,[],200,WP-12-060
0,0,[],200,R1102
0,0,[],200,PS842
0,0,[],200,ORT-28100-0L040
0,0,[],200,GUT-17
0,0,[],200,VB610042
0,0,[],200,R1518
0,0,[],200,TD756W
0,0,[],200,174236
0,0,[],200,34118405104
0,0,[],200,A2C53354791Z
0,0,[],200,2992504
0,0,[],200,52345-SZA-A50
0,0,[],200,437100-9071
0,0,[],200,71439
0,0,[],200,MMI030193
0,0,[],200,P23180
0,0,[],200,75730-02190
0,0,[],200,MF34B19R-IN
0,0,[],200,R1175
0,0,[],200,ORM-1300A074
0,0,[],200,GN10552
0,0,[],200,R1191
0,0,[],200,08.31.208
0,0,[],200,89615-30080
0,0,[],200,A1668850753
0,0,[],200,SM2256018ALT22
0,0,[],200,42560553
0,0,[],200,1457433591
0,0,[],200,11360-1KA0A-GR
0,0,[],200,19372125
0,0,[],200,SP-1458
0,0,[],200,5949779558
0,0,[],200,175-65R14-TY1-CF2
0,0,[],200,A2158516AP22
0,0,[],200,95835850408
0,0,[],200,31123-3X000
0,0,[],200,4673598
0,0,[],200,R1537
0,0,[],200,3034001
0,0,[],200,LS2113
0,0,[],200,171H04H2754020SKH303
0,0,[],200,48530-8Z120
0,0,[],200,54651-B8800
0,0,[],200,CMF-N70L
0,0,[],200,24222657
0,0,[],200,TC2149
0,0,[],200,A2C8043930080
0,0,[],200,0252533116
0,0,[],200,CU18000-2
0,0,[],200,503646095
0,0,[],200,LP2029
0,0,[],200,ADN14287
0,0,[],200,FB2049M
0,0,[],200,481410121
0,0,[],200,CLC51030330
0,0,[],200,71104-TF0-900ZJ
0,0,[],200,15100-64813
0,0,[],200,HL3Z-19849-D
0,0,[],200,CBF55050042
0,0,[],200,ORM-MD325048
0,0,[],200,561825237
0,0,[],200,0986494780
0,0,[],200,75753-60020
0,0,[],200,719.770
0,0,[],200,A2114700505
0,0,[],200,09.A404.11
0,0,[],200,PRS62.00059
0,0,[],200,MBC030131
0,0,[],200,R3126
0,0,[],200,AD13V1075
0,0,[],200,ADB112515
0,0,[],200,E1001H D28
0,0,[],200,8E0121055R
0,0,[],200,CUK2533-2
0,0,[],200,82721-1U600
0,0,[],200,46393066
0,0,[],200,SM2754020PE22
0,0,[],200,AC-37129
0,0,[],200,3895701
0,0,[],200,GN10690-12B1
0,0,[],200,212330070002
0,0,[],200,668621LA0A
0,0,[],200,15865945
0,0,[],200,1355A279
0,0,[],200,ORN-23100-EA20B
0,0,[],200,AD285000S
0,0,[],200,R1109
0,0,[],200,EWPN0003
0,0,[],200,3886601
0,0,[],200,61601-33430
0,0,[],200,BR1856015E122
0,0,[],200,1100R20-MX1-UR288
0,0,[],200,CR2099000P
0,0,[],200,FU2354018SPCO22
0,0,[],200,SM2257015NX22
0,0,[],200,M2254518PS522
0,0,[],200,HK2455519RA3322
0,0,[],200,AC334000S
0,0,[],200,MPH56
0,0,[],200,84307-60020
0,0,[],200,FN2553520FK22
0,0,[],200,42533487
0,0,[],200,ADT32543
0,0,[],200,ORN-332152
0,0,[],200,CMF-56219
0,0,[],200,R1215
0,0,[],200,19372383
0,0,[],200,2517903
0,0,[],200,EAF00046M
0,0,[],200,84890-6RM0A
0,0,[],200,BZS35.00318
0,0,[],200,E1058L
0,0,[],200,2123-TT9F
0,0,[],200,FR3Z-19D742-F
0,0,[],200,133282
0,0,[],200,7129952119
0,0,[],200,504001041
0,0,[],200,5Q0959801B
0,0,[],200,VAS45.00044
0,0,[],200,K2355019HP7122
0,0,[],200,LP3145
0,0,[],200,ORM-1832A025
0,0,[],200,19372440
0,0,[],200,161Z7501957014ROADXA
0,0,[],200,PSR165383
0,0,[],200,LRS62.00099
0,0,[],200,09.B970.11
0,0,[],200,0280156014
0,0,[],200,ADN142179
0,0,[],200,48632-22030-GR
0,0,[],200,APYC39-BULK
0,0,[],200,R3155
0,0,[],200,31312467042
0,0,[],200,R1136
0,0,[],200,19015-RNA-A01
0,0,[],200,104315
0,0,[],200,MAP2625
0,0,[],200,91205-5T0-004
0,0,[],200,16400-0P150-BP
0,0,[],200,HU715/4X
0,0,[],200,100248
0,0,[],200,48210-0K530
0,0,[],200,85680
0,0,[],200,21950-A0000
0,0,[],200,0488-CU20
0,0,[],200,BMS32.00113
0,0,[],200,245-75R16-BF0-KO2
0,0,[],200,84916468
0,0,[],200,84763629
0,0,[],200,19371557
0,0,[],200,275-70R16-BF1-KO2
0,0,[],200,19372863
0,0,[],200,447150-4950
0,0,[],200,33950-TY0-003
0,0,[],200,53101-33A10
0,0,[],200,19372417
0,0,[],200,A1955015GS22
0,0,[],200,S67109025501
0,0,[],200,HB-002
0,0,[],200,161Z7502356016701XXA
0,0,[],200,ORT-339115
0,0,[],200,SBP008-551
0,0,[],200,87106-35120
0,0,[],200,A00453
0,0,[],200,0986479932
0,0,[],200,ADN12519
0,0,[],200,8U0821171C
0,0,[],200,483361452
0,0,[],200,0451103251
0,0,[],200,BR22540185AY22
0,0,[],200,26386
0,0,[],200,VB571013
0,0,[],200,OE677/1
0,0,[],200,MBF015876
0,0,[],200,MR418671-GR
0,0,[],200,K1239A
0,0,[],200,09.D528.13
0,0,[],200,3QF298403
0,0,[],200,GN10235-12B1
0,0,[],200,CMF-58014
0,0,[],200,94810530407
0,0,[],200,FU2454018SPCO22
0,0,[],200,91206-5T0-004
0,0,[],200,BR2156516R622
0,0,[],200,88410
0,0,[],200,VWSB-5G1FD24-KIT
0,0,[],200,ORT-551122
0,0,[],200,0229-008
0,0,[],200,12305-21220N
0,0,[],200,C36188
0,0,[],200,MPMF6460
0,0,[],200,7184425
0,0,[],200,48680-30480
0,0,[],200,3397006828
0,0,[],200,39246
0,0,[],200,R1801
0,0,[],200,275-70R17-BF0-KO2
0,0,[],200,4K0945104D
0,0,[],200,2391401
0,0,[],200,P50114
0,0,[],200,51717305493
0,0,[],200,72310-T1W-A11
0,0,[],200,CBF55050008
0,0,[],200,BZS32.00038
0,0,[],200,CFF336000S
0,0,[],200,VAS99.00306
0,0,[],200,E1943LC
0,0,[],200,VB560601
0,0,[],200,E859H D352
0,0,[],200,5801953706
0,0,[],200,0092S40460
0,0,[],200,11401-80859
0,0,[],200,ADT342168
0,0,[],200,7PK1775-TDR
0,0,[],200,10460
0,0,[],200,18904
0,0,[],200,AK218/8
0,0,[],200,OX91D
0,0,[],200,924806386R
0,0,[],200,FN2256517WP22
0,0,[],200,F026400614
0,0,[],200,A2C53395208Z
0,0,[],200,CR302000S
0,0,[],200,171H04H2254517SKH303
0,0,[],200,CMF-NS40ZL
0,0,[],200,51166973470
0,0,[],200,3397007863
0,0,[],200,1EJ 008 040-061
0,0,[],200,PSR160143
0,0,[],200,A00482
0,0,[],200,BMS32.00036
0,0,[],200,A-1417
0,0,[],200,MFN50-IN
0,0,[],200,6PK2120-TDR
0,0,[],200,PSR153593
0,0,[],200,88501-35070
0,0,[],200,481410161
0,0,[],200,A2228106600
0,0,[],200,12450108
0,0,[],200,216392
0,0,[],200,LP809
0,0,[],200,FU2254517SPCO22
0,0,[],200,AC-1707
0,0,[],200,19000-0E250
0,0,[],200,EP35JHTP
0,0,[],200,171Z7502255516ROADPA
0,0,[],200,EB5Z-19G490-A
0,0,[],200,2992378
0,0,[],200,21306-ZE00B
0,0,[],200,T4N9483
0,0,[],200,3397118946
0,0,[],200,BMS15.00025
0,0,[],200,AE143000S
0,0,[],200,R1403
0,0,[],200,LR042976TIB
0,0,[],200,LR048091TIB
0,0,[],200,85222-0E081
0,0,[],200,1EX 012 222-421
0,0,[],200,50472BRE
0,0,[],200,E3940LC
0,0,[],200,NX1956016NBL222
0,0,[],200,PSR133113
0,0,[],200,R2214
0,0,[],200,AC-33104
0,0,[],200,19372382
0,0,[],200,0242240649
0,0,[],200,218948
0,0,[],200,HU612/1X
0,0,[],200,2997862
0,0,[],200,88864150
0,0,[],200,NX2555519NRU22
0,0,[],200,5DR 004 242-041
0,0,[],200,ABR40000P
0,0,[],200,504113538
0,0,[],200,AE114000P
0,0,[],200,R1313
0,0,[],200,P2454020PP22
0,0,[],200,439601
0,0,[],200,275-70R16-BF0-KO2
0,0,[],200,174506
0,0,[],200,19372856
0,0,[],200,H111WK
0,0,[],200,5801451152
0,0,[],200,ADU172532
0,0,[],200,225-65R17-MX1-MA65
0,0,[],200,5PR86HL1AA
0,0,[],200,CMF-65-670
0,0,[],200,R3127
0,0,[],200,CMF-31S-850
0,0,[],200,561881606 92W
0,0,[],200,504065223
0,0,[],200,71-42762-00
0,0,[],200,GN10632
0,0,[],200,532063010
0,0,[],200,171Z7502355519701WXA
0,0,[],200,BMS85.00121
0,0,[],200,2476008
0,0,[],200,30531-01J00
0,0,[],200,F026400377
0,0,[],200,12363-0H030-GR
0,0,[],200,LR016962TIB
0,0,[],200,4H1898967
0,0,[],200,68604812AA
0,0,[],200,AT22X10-9-M910
0,0,[],200,P85149
0,0,[],200,441-11H3L-MLDEM2
0,0,[],200,R2727
0,0,[],200,201XY32
0,0,[],200,15692-0C010
0,0,[],200,13712753070
0,0,[],200,0986494263
0,0,[],200,285-65R17-MX1-HT76
0,0,[],200,16149494391
0,0,[],200,0242230523
0,0,[],200,VKBA6649
0,0,[],200,CR936000P
0,0,[],200,97801-2J000
0,0,[],200,MK582684
0,0,[],200,161Z7502357016ROADHA
0,0,[],200,CU2533-2
0,0,[],200,504203276
0,0,[],200,H103/210L
0,0,[],200,7PK1125-TDR
0,0,[],200,A-1329
0,0,[],200,0580314537
0,0,[],200,F026400342
0,0,[],200,R1840
0,0,[],200,FB2093M
0,0,[],200,27060-31270E
0,0,[],200,A2578850600
0,0,[],200,R3101
0,0,[],200,2121K10MFDIN66LXXXXP
0,0,[],200,P06070
0,0,[],200,AP149/8
0,0,[],200,6PK1590-CON
0,0,[],200,ADT342189
0,0,[],200,E155HD122
0,0,[],200,F026407199
0,0,[],200,A-3780
0,0,[],200,21441
0,0,[],200,BR2657016D822
0,0,[],200,LP2106
0,0,[],200,8132189
0,0,[],200,73220-0K270-A0
0,0,[],200,BMS62.00105
0,0,[],200,84661-60090
0,0,[],200,BR1756514E1T23
0,0,[],200,4G1819350BA
0,0,[],200,68610-0D131
0,0,[],200,19010-RAA-A62-BP
0,0,[],200,76630-T9A-T01
0,0,[],200,H601/1KG-1
0,0,[],200,8K0505431AP
0,0,[],200,R1004
0,0,[],200,PSR153533
0,0,[],200,R1177
0,0,[],200,PZK-1F-X
0,0,[],200,3397007523
0,0,[],200,19372449
0,0,[],200,SM2456517LT22
0,0,[],200,98183794
0,0,[],200,95872115100
0,0,[],200,5WK97502Z
0,0,[],200,CLC24000P
0,0,[],200,04726030AH
0,0,[],200,63310-60X30-B0
0,0,[],200,5949789956
0,0,[],200,R1522
0,0,[],200,97606-B4000-HAN
0,0,[],200,48820-33020-GR
0,0,[],200,2102-FOCIIR
0,0,[],200,SBP009-921
0,0,[],200,NSB-Z51F
0,0,[],200,84725-60150
0,0,[],200,R3118
0,0,[],200,441-11C2R-MLD-EM
0,0,[],200,577896
0,0,[],200,LP1997
0,0,[],200,SBP020-121
0,0,[],200,R1430
0,0,[],200,216332-1X4
0,0,[],200,216427
0,0,[],200,0220-A60UPF
0,0,[],200,3013-REVIVE-BULK
0,0,[],200,AD-GREEN20L
0,0,[],200,7PK1905-TDR
0,0,[],200,AX46-TDR
0,0,[],200,98474429
0,0,[],200,1.801.010
0,0,[],200,A22282705289999
0,0,[],200,R2751
0,0,[],200,ORN-339331
0,0,[],200,88862645
0,0,[],200,08.A202.11
0,0,[],200,SBP008-741
0,0,[],200,DF7390S
0,0,[],200,500302935
0,0,[],200,BR2453520 22B
0,0,[],200,885757
0,0,[],200,83435-SZA-A03ZA
0,0,[],200,19280692
0,0,[],200,229.025.003.001Z
0,0,[],200,R3133
0,0,[],200,44017-THR-305
0,0,[],200,09.D526.13
0,0,[],200,6047
0,0,[],200,41035591
0,0,[],200,0451103335
0,0,[],200,FL3Z-15A851-A
0,0,[],200,AB151000P
0,0,[],200,1987432254
0,0,[],200,4K0407253D
0,0,[],200,GDB1955
0,0,[],200,LP991
0,0,[],200,DF4295S
0,0,[],200,GDB1189
0,0,[],200,ADN19189
0,0,[],200,77024-52122
0,0,[],200,DA-TO-110A
0,0,[],200,660.270
0,0,[],200,28100-75090DEN
0,0,[],200,19372396
0,0,[],200,BZS88.00059
0,0,[],200,LX1824/1
0,0,[],200,700R16-12-MX0-MXS
0,0,[],200,240290ELRING
0,0,[],200,0242135518
0,0,[],200,225-50R17-TY1-PXSP
0,0,[],200,3397006833
0,0,[],200,MI2055516RU24
0,0,[],200,54613-EE500-GR
0,0,[],200,R1318
0,0,[],200,SBP013-661
0,0,[],200,G2454520EF22
0,0,[],200,LX1566
0,0,[],200,M2554518PCY422
0,0,[],200,149304569R
0,0,[],200,441-19B3R-AEV
0,0,[],200,LP1544
0,0,[],200,5PK1080-TDR
0,0,[],200,1K0805965C 9B9
0,0,[],200,ORI-8-97248-914-1
0,0,[],200,120-70ZR17-MAST2
0,0,[],200,09.A300.11
0,0,[],200,28100-0C020DEN
0,0,[],200,02.25.097
0,0,[],200,0241235752
0,0,[],200,68750-4AF0A
0,0,[],200,19372122
0,0,[],200,S119044012Z
0,0,[],200,LP2099
0,0,[],200,3397011677
0,0,[],200,A205330990564
0,0,[],200,D2454519SPM23
0,0,[],200,BMS32.00109
0,0,[],200,39358
0,0,[],200,C26042
0,0,[],200,E1959LC
0,0,[],200,CLC51030160-BULK
0,0,[],200,87907-02100
0,0,[],200,245-40R18-MX0-HPM3
0,0,[],200,0242145571
0,0,[],200,FR-2754020 ALTE
0,0,[],200,A156050374764
0,0,[],200,171ZR7502254518UHPWA
0,0,[],200,BMS32.00022
0,0,[],200,GIC336
0,0,[],200,447780-3340
0,0,[],200,42765840
0,0,[],200,E2954LB03
0,0,[],200,97606-H2000 DWN
0,0,[],200,85222-35150
0,0,[],200,CBF55050034
0,0,[],200,277327739R
0,0,[],200,171H04H2254518SKH303
0,0,[],200,A35
0,0,[],200,FBP-1522
0,0,[],200,5Q0919133 9B9
0,0,[],200,TSB-GGN50F
0,0,[],200,385-65R22.5-TY1-M1
0,0,[],200,52115-26170-BP
0,0,[],200,DF4848
0,0,[],200,CTR-CEHO52R
0,0,[],200,PSR148333
0,0,[],200,95557308310
0,0,[],200,2BE 011 450-021
0,0,[],200,195-65R15-BF1-ADTA
0,0,[],200,A2C53341995Z
0,0,[],200,LX2841/7
0,0,[],200,ORHY-25100-02566
0,0,[],200,SUM75016SL22
0,0,[],200,500055153
0,0,[],200,PSR004873
0,0,[],200,5802844118
0,0,[],200,4H0825236N
0,0,[],200,GDB1838
0,0,[],200,PSR165733
0,0,[],200,17040-5X10A
0,0,[],200,86630-3W000
0,0,[],200,CR2172000P
0,0,[],200,19372129
0,0,[],200,21710-VN20A
0,0,[],200,SBP007-891
0,0,[],200,6DPK1195-CON
0,0,[],200,4854770
0,0,[],200,AP158/1
0,0,[],200,AMR-125D31L-PR
0,0,[],200,C31196
0,0,[],200,SG45776J
0,0,[],200,10W-40SN-4L
0,0,[],200,161Z7502257516ROADTA
0,0,[],200,A2C53163854Z
0,0,[],200,R1204
0,0,[],200,447150-7370
0,0,[],200,CBF55050026
0,0,[],200,CBF55050010
0,0,[],200,7L2Z-2C011-AA
0,0,[],200,R1320
0,0,[],200,265-65R17-MX1-HPM3
0,0,[],200,CMF-NS60LS
0,0,[],200,6PK1560-CON
0,0,[],200,1K3 132 253-011
0,0,[],200,R2708
0,0,[],200,APYC33V
0,0,[],200,R2722
0,0,[],200,MK547012
0,0,[],200,FBP-1808
0,0,[],200,MBF015863
0,0,[],200,PSR0L6443
0,0,[],200,6PK2100-TDR
0,0,[],200,75730-12262
0,0,[],200,24-166652
0,0,[],200,245-40R19-TY0-PXSP
0,0,[],200,77001-0K400
0,0,[],200,443271
0,0,[],200,AR3Z-8C291-AA
0,0,[],200,4822921
0,0,[],200,19349383
0,0,[],200,1476146
0,0,[],200,8W5807067A GRU
0,0,[],200,2500801
0,0,[],200,0101-GRJ200R
0,0,[],200,2121K07MFN170LXXXXXP
0,0,[],200,3397014271
0,0,[],200,27700-5B7-000
0,0,[],200,21670-2G000
0,0,[],200,84340-09200
0,0,[],200,KD9773
0,0,[],200,161Z7502256016ROADPA
0,0,[],200,MPMF6450
0,0,[],200,4K0945103D
0,0,[],200,77169-02050
0,0,[],200,09.A961.11
0,0,[],200,34253-T2A-A01
0,0,[],200,SMF-58827
0,0,[],200,P2854021PZ22
0,0,[],200,A17269003879999
0,0,[],200,A00346
0,0,[],200,R2004
0,0,[],200,CMF-N50
0,0,[],200,483340162
0,0,[],200,A2048690100
0,0,[],200,42008075
0,0,[],200,ORT-349015
0,0,[],200,ADA102102
0,0,[],200,09.D095.13
0,0,[],200,205-60R16-BF1-ADTA
0,0,[],200,E379L
0,0,[],200,A46388509039999
0,0,[],200,51117052398
0,0,[],200,6PK2510-TDR
0,0,[],200,41285219
0,0,[],200,42102462
0,0,[],200,439537
0,0,[],200,SFC3L000
0,0,[],200,SBP009-761
0,0,[],200,09.A190.13
0,0,[],200,3QF423051D
0,0,[],200,A47-TDR
0,0,[],200,ORI-8-97172-211-2
0,0,[],200,235-45R18-TY1-PXSP
0,0,[],200,25560-56A-003
0,0,[],200,48810-30070-GR
0,0,[],200,51317388713
0,0,[],200,88450-12231TIB
0,0,[],200,SM2557018LB22
0,0,[],200,SH-05176
0,0,[],200,R1513
0,0,[],200,87104-36230
0,0,[],200,E1017L
0,0,[],200,41221086
0,0,[],200,80211-T0A-A01
0,0,[],200,CTR-CEM61
0,0,[],200,102153
0,0,[],200,P50100
0,0,[],200,81-34366-00
0,0,[],200,2996972
0,0,[],200,LP2714
0,0,[],200,3Q0825236C
0,0,[],200,19372406
0,0,[],200,5GM955427
0,0,[],200,WHT007689
0,0,[],200,A2720780241
0,0,[],200,TRKB-ACA30
0,0,[],200,R3156
0,0,[],200,M2555518L322
0,0,[],200,WP-13-060
0,0,[],200,36597
0,0,[],200,67113-60220
0,0,[],200,E142H D21
0,0,[],200,0242240619
0,0,[],200,171H04H2255517SKH303
0,0,[],200,53112-53320
0,0,[],200,42129230
0,0,[],200,444-1413R-UE
0,0,[],200,6PK1685-TDR
0,0,[],200,R2720
0,0,[],200,33346854032
0,0,[],200,77291-02190
0,0,[],200,F026407123
0,0,[],200,ECP4
0,0,[],200,90105-SL4-000
0,0,[],200,44017-TA1-A00
0,0,[],200,R1130
0,0,[],200,LRS62.00035
0,0,[],200,77179-26010
0,0,[],200,R1137
0,0,[],200,R1319
0,0,[],200,439234
0,0,[],200,0415P-V97
0,0,[],200,62044-4GA0A
0,0,[],200,6410B017WB-BP
0,0,[],200,999403
0,0,[],200,BZS32.00053
0,0,[],200,9L8Z-7843150-B
0,0,[],200,A272010117264
0,0,[],200,48655-0K040-GR
0,0,[],200,94775721
0,0,[],200,54501-EW000MAX
0,0,[],200,R2749
0,0,[],200,02.40.318
0,0,[],200,500354898
0,0,[],200,6PK1615-TDR
0,0,[],200,77024-60450
0,0,[],200,88320-0K550
0,0,[],200,R2003
0,0,[],200,C29132
0,0,[],200,ORHY-27301-3C000
0,0,[],200,M2255517P422
0,0,[],200,APYC89-BULK
0,0,[],200,FBP-1437
0,0,[],200,88550-36020
0,0,[],200,2521501
0,0,[],200,8169240
0,0,[],200,A42
0,0,[],200,3671301
0,0,[],200,BR2255017T522
0,0,[],200,NAB-S51S
0,0,[],200,HU925/4Y
0,0,[],200,685.662
0,0,[],200,0160600089
0,0,[],200,85315-BZ210
0,0,[],200,AK218/5
0,0,[],200,E15H D59
0,0,[],200,72810-TA0-A01
0,0,[],200,LP2123
0,0,[],200,3397008634
0,0,[],200,F026407269
0,0,[],200,ORT-343442
0,0,[],200,CMF-55B24LS-VOL
0,0,[],200,HU727/1X
0,0,[],200,161Z7501757014ROADXA
0,0,[],200,0242129512
0,0,[],200,0222-R52
0,0,[],200,CBF55050028
0,0,[],200,SBP015-801
0,0,[],200,QEP501610
0,0,[],200,53301-33260
0,0,[],200,AGM - EA95L5
0,0,[],200,OX814D/ECO
0,0,[],200,0222-V35
0,0,[],200,CMF-N150L-VOL
0,0,[],200,51167471235
0,0,[],200,SBP014-111
0,0,[],200,VB570600
0,0,[],200,225-50R17-MX1-HPM3
0,0,[],200,0986580940
0,0,[],200,SMF-55B24LS
0,0,[],200,73125-SZA-A00
0,0,[],200,E2919LB-2
0,0,[],200,CR1682000P
0,0,[],200,0517P-BL
0,0,[],200,CR530000P
0,0,[],200,LVR084083
0,0,[],200,ORN-22448-AL61C
0,0,[],200,25871231
0,0,[],200,161Z7502057015701XXA
0,0,[],200,22400-M66R02
0,0,[],200,7815A736
0,0,[],200,E61H D258
0,0,[],200,M27545214V22
0,0,[],200,P44025
0,0,[],200,F026407002
0,0,[],200,LRS32.00064A
0,0,[],200,PSRE20698
0,0,[],200,E1029L01
0,0,[],200,1EX 012 222-521
0,0,[],200,D2255517SP7022
0,0,[],200,19000-17B01
0,0,[],200,GL2655020HTS22
0,0,[],200,66209283203
0,0,[],200,216361-1X1
0,0,[],200,S70016SL7122
0,0,[],200,98407727
0,0,[],200,8V0863523  4PK
0,0,[],200,CLC51030212-BULK
0,0,[],200,JDE41599
0,0,[],200,C15143/1
0,0,[],200,4817147
0,0,[],200,5801551544
0,0,[],200,MBF015864
0,0,[],200,VAS17.00228
0,0,[],200,PSR0P3153
0,0,[],200,17227568760
0,0,[],200,6PK2195-TDR
0,0,[],200,R1829
0,0,[],200,SH-05010
0,0,[],200,7PK2470-TDR
0,0,[],200,MR992191-GR
0,0,[],200,ARB510
0,0,[],200,19372444
0,0,[],200,P2754521PP22
0,0,[],200,C1381
0,0,[],200,M2555019S4V22
0,0,[],200,HDF625
0,0,[],200,16323-37021
0,0,[],200,SBP017-461
0,0,[],200,87940-60W01
0,0,[],200,EAF00106T
0,0,[],200,51467272130
0,0,[],200,AMR-DIN55-PR
0,0,[],200,ORT-349017
0,0,[],200,LP2700
0,0,[],200,C39002
0,0,[],200,1987435065
0,0,[],200,0101-KUN60F
0,0,[],200,18308686883
0,0,[],200,0008
0,0,[],200,PSRE21550
0,0,[],200,R1120
0,0,[],200,HU815/2X
0,0,[],200,FR3Z-9H307-A
0,0,[],200,260109545R-BP
0,0,[],200,4M0919303
0,0,[],200,3695501
0,0,[],200,PSR0LC613
0,0,[],200,162Z7502056016VRDPRA
0,0,[],200,43211-0D250
0,0,[],200,D2154517LM7522
0,0,[],200,A46389010009999
0,0,[],200,MBC030117
0,0,[],200,AD06R1063
0,0,[],200,C2287
0,0,[],200,A633YU32MM
0,0,[],200,BR1756514E1T22
0,0,[],200,BZS99.00125
0,0,[],200,171Z7502055516ROPFVA
0,0,[],200,P2453520PZN22
0,0,[],200,255-70R15-MX1-HT76
0,0,[],200,AC-34110
0,0,[],200,5C0601147A QLV
0,0,[],200,1457429301
0,0,[],200,87940-60G40
0,0,[],200,16119494196
0,0,[],200,NAB-266
0,0,[],200,E852L
0,0,[],200,E2963LC
0,0,[],200,SBP008-781
0,0,[],200,161H04S2256018SKD304
0,0,[],200,3013-REVIVE
0,0,[],200,42104699
0,0,[],200,CLR12626/48AT
0,0,[],200,02.22.109
0,0,[],200,7P6807185  GRU
0,0,[],200,2803580011380
0,0,[],200,0092S40580
0,0,[],200,27200
0,0,[],200,1457433094
0,0,[],200,54500-4M410MAX
0,0,[],200,500352447
0,0,[],200,ORT-349023
0,0,[],200,A-1321
0,0,[],200,SM2454017ALT22
0,0,[],200,60008BRE
0,0,[],200,E117HD07
0,0,[],200,500368694
0,0,[],200,MF390LN4-IN
0,0,[],200,0187-GSU45
0,0,[],200,0217P-Y62
0,0,[],200,2.12471E+11
0,0,[],200,VKM03810
0,0,[],200,BMS55.00115
0,0,[],200,561407271AE
0,0,[],200,P265-65R17-MXS
0,0,[],200,195R15-MX0-MCV5
0,0,[],200,52207451008
0,0,[],200,12371-0D040MAX
0,0,[],200,W712/94
0,0,[],200,D2256017P27022
0,0,[],200,483341452
0,0,[],200,CU3172
0,0,[],200,1987432085
0,0,[],200,5801440521
0,0,[],200,R1178
0,0,[],200,P50052
0,0,[],200,LP3251
0,0,[],200,CMF-M27
0,0,[],200,EWPN0011
0,0,[],200,CBT46
0,0,[],200,13717612094
0,0,[],200,KD99719
0,0,[],200,K2156017KL2122
0,0,[],200,51172993465
0,0,[],200,CBF55050021
0,0,[],200,H103/4L
0,0,[],200,27060-0T300E
0,0,[],200,444-1409R-AE-C
0,0,[],200,F026407132
0,0,[],200,AL7Z-7823395-B
0,0,[],200,R1155
0,0,[],200,24347544922
0,0,[],200,LP2214
0,0,[],200,CLC228000P
0,0,[],200,4806909231MX
0,0,[],200,APYC951
0,0,[],200,86830-4H700
0,0,[],200,6PK1025-TDR
0,0,[],200,19351485
0,0,[],200,AX34-TDR
0,0,[],200,TRKB-003
0,0,[],200,R1148
0,0,[],200,481412081
0,0,[],200,6PK1105
0,0,[],200,ORT-340085
0,0,[],200,9317384001518
0,0,[],200,87103-36010
0,0,[],200,PSR0LA133
0,0,[],200,92120505
0,0,[],200,FR3Z-5500-D
0,0,[],200,ADV182214
0,0,[],200,ORHY-37300-2G051
0,0,[],200,R1020
0,0,[],200,KD2521
0,0,[],200,E105H D51
0,0,[],200,36-G64-A
0,0,[],200,GL2555519GGT22
0,0,[],200,P06026
0,0,[],200,09.D527.13
0,0,[],200,AC-34111
0,0,[],200,R2312
0,0,[],200,08.31.128
0,0,[],200,C3090
0,0,[],200,77300-53020
0,0,[],200,41285223
0,0,[],200,SP-4080
0,0,[],200,2401001
0,0,[],200,0242236563
0,0,[],200,FU2055516ECO22
0,0,[],200,09.B311.11
0,0,[],200,235-55R18-MX1-HPM3
0,0,[],200,KD9738
0,0,[],200,124XR29
0,0,[],200,R1525
0,0,[],200,A221906650080
0,0,[],200,ORT-339356
0,0,[],200,SBP011-281
0,0,[],200,R1211
0,0,[],200,11210-6N000-GR
0,0,[],200,R1437
0,0,[],200,0242140507
0,0,[],200,ORHY-25100-4Z000
0,0,[],200,ORT-28100-28062
0,0,[],200,19433496
0,0,[],200,E2916LI
0,0,[],200,25627-11050
0,0,[],200,67629478201
0,0,[],200,1001990169
0,0,[],200,PSR0P2843
0,0,[],200,P2654020PP23
0,0,[],200,25825338
0,0,[],200,P65020/P65029
0,0,[],200,3043601
0,0,[],200,CUK27021-2
0,0,[],200,483340162-BULK
0,0,[],200,C18114
0,0,[],200,R1418
0,0,[],200,SM2456517KM22
0,0,[],200,07147255351
0,0,[],200,C27125
0,0,[],200,1987432079
0,0,[],200,225-60R18-MX1-HPM3
0,0,[],200,84961-VD200
0,0,[],200,09.B971.11
0,0,[],200,36598
0,0,[],200,ORT-335060
0,0,[],200,88310-3A570
0,0,[],200,185-65R15-MX1-MAP5
0,0,[],200,48655-0K080-GR
0,0,[],200,LSR083463
0,0,[],200,0986494344
0,0,[],200,73111-SZA-A31
0,0,[],200,48655-0K010-GR
0,0,[],200,LP2151
0,0,[],200,E531L
0,0,[],200,52159-06957-BP
0,0,[],200,44270
0,0,[],200,WP-01-130
0,0,[],200,A2138307700
0,0,[],200,LR048891TIB
0,0,[],200,68100-T6A-Q10ZZ
0,0,[],200,0287-Z33
0,0,[],200,ORHY-36100-41100
0,0,[],200,26294-4KJ0A
0,0,[],200,84726-3W000
0,0,[],200,A2358017AP22
0,0,[],200,1.801.101
0,0,[],200,FB2114M
0,0,[],200,BZS88.00176
0,0,[],200,447780-3480
0,0,[],200,R1125
0,0,[],200,N  0177262
0,0,[],200,E3934LI-2
0,0,[],200,27060-31081DEN
0,0,[],200,A2118800128
0,0,[],200,A2134707401
0,0,[],200,7PK2150-TDR
0,0,[],200,C2454517CSC22
0,0,[],200,NX2157016CP522
0,0,[],200,70XR16
0,0,[],200,MX943056
0,0,[],200,LR024216
0,0,[],200,444-1110R-LD-EN
0,0,[],200,GN10311-12B1
0,0,[],200,504098545
0,0,[],200,DA-TO-467A
0,0,[],200,71440
0,0,[],200,2121I18SMF160G51XXXP
0,0,[],200,PSR128543
0,0,[],200,WGI500080
0,0,[],200,51377189268
0,0,[],200,MPO02
0,0,[],200,LX2098
0,0,[],200,1457433337
0,0,[],200,LRS32.00064
0,0,[],200,885679
0,0,[],200,241019
0,0,[],200,ORM-1800A064
0,0,[],200,265-70R17-MX1-HT76
0,0,[],200,BB5Z-19712-C
0,0,[],200,0451103033
0,0,[],200,3397015558
0,0,[],200,31705-91X8B
0,0,[],200,EEOZ0043Y
0,0,[],200,AC-34113
0,0,[],200,3222-CK1
0,0,[],200,DF4866S
0,0,[],200,54131-TLA-A63ZA
0,0,[],200,441061451-BULK
0,0,[],200,EP74L3
0,0,[],200,AS3162
0,0,[],200,A2456517AP22
0,0,[],200,19372387
0,0,[],200,R1875
0,0,[],200,R2306
0,0,[],200,3537801
0,0,[],200,SM2554018PE22
0,0,[],200,7PK2145-TDR
0,0,[],200,98460314
0,0,[],200,MZM-GHATR
0,0,[],200,PGEXB-01
0,0,[],200,GDB1876
0,0,[],200,CMF-N200
0,0,[],200,D2454020LM7022
0,0,[],200,ADT322108
0,0,[],200,98474605
0,0,[],200,5801514722
0,0,[],200,A002230191180
0,0,[],200,11814-P8A-A00
0,0,[],200,M2355517PRI422
0,0,[],200,28820-RPC-013
0,0,[],200,R1010
0,0,[],200,51317258187
0,0,[],200,CTR-CLM14
0,0,[],200,1987949687
0,0,[],200,51117427448
0,0,[],200,ORT-16100-39565
0,0,[],200,HK2656517RA22
0,0,[],200,VB545602030
0,0,[],200,SBP014-141
0,0,[],200,7PK2410
0,0,[],200,R1857
0,0,[],200,33506772790
0,0,[],200,0242230531
0,0,[],200,15260369
0,0,[],200,CLC51030222
0,0,[],200,88790-28100
0,0,[],200,19372446
0,0,[],200,AMR-105D31L-HI-BH
0,0,[],200,CLC51030214
0,0,[],200,APYC305INTL
0,0,[],200,P50120
0,0,[],200,E2933LC
0,0,[],200,SP-2040
0,0,[],200,84140-0K500
0,0,[],200,0242229799
0,0,[],200,71201-TEA-T00
0,0,[],200,2521413
0,0,[],200,YL8Z-5A565-AA
0,0,[],200,ORT-28100-38030
0,0,[],200,504042188
0,0,[],200,95810612602
0,0,[],200,504389794
0,0,[],200,P06088
0,0,[],200,0242236566
0,0,[],200,MMF025088
0,0,[],200,AC412000S
0,0,[],200,7P6853687 739
0,0,[],200,E362HD313
0,0,[],200,WP-06-060
0,0,[],200,CLT69
0,0,[],200,CTR-CLT29
0,0,[],200,1987432315
0,0,[],200,MMI030110
0,0,[],200,NAB-288
0,0,[],200,D2056515LM7022
0,0,[],200,1987473006
0,0,[],200,GDB7920DT
0,0,[],200,7537
0,0,[],200,10W-40SN-1L-1X1
0,0,[],200,205-70R15-TY1-NEVA
0,0,[],200,ATL1955515FH22
0,0,[],200,36603
0,0,[],200,20529
0,0,[],200,EP35JTP
0,0,[],200,02.31.265
0,0,[],200,ORT-340062
0,0,[],200,E1332L
0,0,[],200,2121K17MFNS40
0,0,[],200,3747401
0,0,[],200,13401-75021
0,0,[],200,E544L
0,0,[],200,SP-1375
0,0,[],200,09.B855.51
0,0,[],200,M23535194S22B
0,0,[],200,AVE104000P
0,0,[],200,KL19
0,0,[],200,161Z7502257016701XXA
0,0,[],200,33325-42030
0,0,[],200,265-60R18-MX1-HPM3
0,0,[],200,CDAB-012
0,0,[],200,04351-52540
0,0,[],200,3146100005
0,0,[],200,33107586237
0,0,[],200,ORM-1832A016
0,0,[],200,R1542
0,0,[],200,2K5853600 DPJ
0,0,[],200,1987948304
0,0,[],200,BR195156V23
0,0,[],200,F026407007
0,0,[],200,A463890210064
0,0,[],200,0986494972
0,0,[],200,161Z7501856514ROADXA
0,0,[],200,EP60LB2
0,0,[],200,861052
0,0,[],200,AMR-DIN45-PR
0,0,[],200,19372451
0,0,[],200,ORT-27060-0V090
0,0,[],200,ORT-339026
0,0,[],200,R1835_BOTTLE
0,0,[],200,2448301
0,0,[],200,APYC34-BULK
0,0,[],200,275-65R17-BF0-KO2
0,0,[],200,A25388887009982
0,0,[],200,88650-26491
0,0,[],200,41034625
0,0,[],200,R3103
0,0,[],200,E1233L
0,0,[],200,20W-50SL-1L
0,0,[],200,19372421
0,0,[],200,DMC500010
0,0,[],200,42117673
0,0,[],200,07119905969
0,0,[],200,R1153
0,0,[],200,8R0498203A
0,0,[],200,SP-1472
0,0,[],200,A4473241084
0,0,[],200,90-037354-00
0,0,[],200,5802918519
0,0,[],200,172797
0,0,[],200,216365
0,0,[],200,42127913
0,0,[],200,A2214700859
0,0,[],200,ORHY-25100-25002
0,0,[],200,217320ELRING
0,0,[],200,LX4418
0,0,[],200,19366817
0,0,[],200,23104736-BP
0,0,[],200,2121K10MF80D26RXXXXP
0,0,[],200,P275-65R17-MX0-MXS
0,0,[],200,LP2073
0,0,[],200,LP1305
0,0,[],200,500043208
0,0,[],200,A205900942780
0,0,[],200,BZS85.00108
0,0,[],200,34218562163
0,0,[],200,5801491036
0,0,[],200,265-70R16-TY1-OPUT
0,0,[],200,1109148
0,0,[],200,441-1997R-UE
0,0,[],200,651043
0,0,[],200,ORT-28100-37020
0,0,[],200,48131-0K500
0,0,[],200,NX1956515NBLH22
0,0,[],200,NB-J10F
0,0,[],200,SFA6122
0,0,[],200,A2114600043
0,0,[],200,A2228106001
0,0,[],200,51477326465
0,0,[],200,216520
0,0,[],200,MB563234A-GR
0,0,[],200,CLR15310/26MT
0,0,[],200,21306-EZ30C
0,0,[],200,VB590400
0,0,[],200,161Z7502555019701XXA
0,0,[],200,228.242.010.006Z
0,0,[],200,95811015670
0,0,[],200,E3919LB
0,0,[],200,SBP012-131
0,0,[],200,54618-8H300-GR
0,0,[],200,44020-3JA0C
0,0,[],200,R2711
0,0,[],200,M2554020SS22
0,0,[],200,R2212
0,0,[],200,0092S30181
0,0,[],200,BE8Z-12286-D
0,0,[],200,72235-TA0-A01
0,0,[],200,E5948LC
0,0,[],200,2121I18MF115D31RXXXP
0,0,[],200,483580161
0,0,[],200,MFN150-OH
0,0,[],200,51317388745
0,0,[],200,245-45R20-MX1-HPM3
0,0,[],200,73990-60100-C0 E0
0,0,[],200,215-70R17.5-TY1-M1
0,0,[],200,40206-02N01MAX
0,0,[],200,ADT34280
0,0,[],200,MME221165MAX
0,0,[],200,APYC19-BULK
0,0,[],200,161Z7501857014ROADXA
0,0,[],200,R2305
0,0,[],200,84540-48010
0,0,[],200,MBF015003
0,0,[],200,100564
0,0,[],200,EP95L5-EP100L5
0,0,[],200,89516-52110
0,0,[],200,0242235766
0,0,[],200,83800-26B60
0,0,[],200,ORT-27060-36080
0,0,[],200,11813-RCA-A00
0,0,[],200,KD2504
0,0,[],200,BR2454518T522
0,0,[],200,HK2355519K1152A
0,0,[],200,95550515610
0,0,[],200,76620-T9A-T01
0,0,[],200,E2948LI
0,0,[],200,AD06R1425
0,0,[],200,SP-1452
0,0,[],200,72350-T1W-A11
0,0,[],200,13760-M68P00
0,0,[],200,BZS32.00052
0,0,[],200,437100-9061
0,0,[],200,34117852968
0,0,[],200,HU718/5X
0,0,[],200,561945094M
0,0,[],200,HU816Z KIT
0,0,[],200,AX47-TDR
0,0,[],200,51237300569
0,0,[],200,16620-0W035MAX
0,0,[],200,A654200011564
0,0,[],200,MPO19OS
0,0,[],200,48530-80811
0,0,[],200,A3329
0,0,[],200,1457429638
0,0,[],200,500086442
0,0,[],200,R1806
0,0,[],200,576.170
0,0,[],200,R2314
0,0,[],200,M2954019S422
0,0,[],200,900-16-8-MX1-MXS
0,0,[],200,ADC42507
0,0,[],200,8PK1705
0,0,[],200,CKMA12
0,0,[],200,SJ40SJ/CF-4L-1X4
0,0,[],200,A16690092078N85
0,0,[],200,75867-33040
0,0,[],200,TAB-234
0,0,[],200,16117164407
0,0,[],200,48815-28150-GR
0,0,[],200,DOT4-0.5L
0,0,[],200,HK2054517K122A
0,0,[],200,0120-XLR
0,0,[],200,161H04S2756020SKH308
0,0,[],200,PSR0P3453
0,0,[],200,92229305
0,0,[],200,SMF-54459
0,0,[],200,R1536
0,0,[],200,12361-0V110N
0,0,[],200,VPLGP0249
0,0,[],200,E813H01 D188
0,0,[],200,93162288
0,0,[],200,WP-13-020
0,0,[],200,HU7026Z
0,0,[],200,A213546110064
0,0,[],200,9598570
0,0,[],200,AT4Z-6L266-A
0,0,[],200,19372411
0,0,[],200,5Q0122101DS
0,0,[],200,P50146
0,0,[],200,A1773306501
0,0,[],200,BZS17.00220
0,0,[],200,AC786000S
0,0,[],200,N 10750201
0,0,[],200,245-45R18-MX0-HPM3
0,0,[],200,38278
0,0,[],200,82730-CV01C
0,0,[],200,P85020
0,0,[],200,4K8803899
0,0,[],200,50850-TA2-H02MAX
0,0,[],200,ADV182533
0,0,[],200,41285049
0,0,[],200,R1325
0,0,[],200,51117451352
0,0,[],200,980318
0,0,[],200,235-60R16-MX1-HPM3
0,0,[],200,2996971
0,0,[],200,CMF-N170L
0,0,[],200,1987432368
0,0,[],200,2121K10MF105D31LXXXP
0,0,[],200,6PK2305-TDR
0,0,[],200,1987432438
0,0,[],200,LR104005
0,0,[],200,KL79
0,0,[],200,19372393
0,0,[],200,P06058
0,0,[],200,15010-7S00A
0,0,[],200,CR765000P
0,0,[],200,3573201
0,0,[],200,19372463
0,0,[],200,FN2454517FK22
0,0,[],200,31200-5A2-A52DEN
0,0,[],200,79310-T9A-X01
0,0,[],200,H449WK
0,0,[],200,228.235.070.001Z
0,0,[],200,1987947822
0,0,[],200,4K0807811
0,0,[],200,22962575
0,0,[],200,195R15-TY1-TYHO7A
0,0,[],200,89491-60120
0,0,[],200,LR027687
0,0,[],200,F2GZ-1A189-A
0,0,[],200,0185-001
0,0,[],200,FBP-1403
0,0,[],200,6410A579-BP
0,0,[],200,A1714602524
0,0,[],200,HU8010Z
0,0,[],200,APYC87
0,0,[],200,WP-06-030
0,0,[],200,D2055516LM7022
0,0,[],200,5N0122101BH
0,0,[],200,5802879829
0,0,[],200,7P6807449A GRU
0,0,[],200,SH-05177
0,0,[],200,HX132D
0,0,[],200,36203
0,0,[],200,AD22HY550
0,0,[],200,19372429
0,0,[],200,H14W27
0,0,[],200,R2705
0,0,[],200,KD9068
0,0,[],200,A46398700007C45
0,0,[],200,1457429193
0,0,[],200,P2454519PZM22B
0,0,[],200,17230-5A4-Y00
0,0,[],200,GP85W-140GL4-4L
0,0,[],200,251030
0,0,[],200,G5650-3AREA
0,0,[],200,130647
0,0,[],200,PSR148373
0,0,[],200,F026400007
0,0,[],200,R1321
0,0,[],200,E1191L
0,0,[],200,42115022
0,0,[],200,54320-ED001-GR
0,0,[],200,PSR0N4493
0,0,[],200,62710-60G30
0,0,[],200,88865740
0,0,[],200,R1842
0,0,[],200,5802878302
0,0,[],200,AGM95
0,0,[],200,4PK885-TDR
0,0,[],200,PSR156333
0,0,[],200,66440
0,0,[],200,42064798
0,0,[],200,3599901
0,0,[],200,H504/1L-1
0,0,[],200,LP2028
0,0,[],200,M2255518P322
0,0,[],200,17228-5X6-J00
0,0,[],200,0986628502
0,0,[],200,X99-107
0,0,[],200,D2753019MAXX22
0,0,[],200,G2155517TRIPMX2
0,0,[],200,500055814
0,0,[],200,8DPK1833-CON
0,0,[],200,VB550600
0,0,[],200,447600-6940
0,0,[],200,639132
0,0,[],200,61602-33290
0,0,[],200,1EL 008 340-071
0,0,[],200,LR048462TIB
0,0,[],200,64119297746
0,0,[],200,DB9H-61-J14
0,0,[],200,BR24535205AR22
0,0,[],200,51127183146
0,0,[],200,R1843_BOTTLE
0,0,[],200,2121I18SMF80D26RXXXP
0,0,[],200,22766
0,0,[],200,84307-53030
0,0,[],200,2373201
0,0,[],200,HSB-CRTF
0,0,[],200,R1210
0,0,[],200,AMR-DIN65-PR
0,0,[],200,SBP012-441
0,0,[],200,4PK675-TDR
0,0,[],200,87950-26050
0,0,[],200,94810701313
0,0,[],200,171Z7502255017UHPTYA
0,0,[],200,R1303
0,0,[],200,86804556
0,0,[],200,22830013
0,0,[],200,41285203
0,0,[],200,42129272
0,0,[],200,33531495714
0,0,[],200,CR513000P
0,0,[],200,3397015560
0,0,[],200,50805-SAA-982MAX
0,0,[],200,0242235666
0,0,[],200,41139-37J01
0,0,[],200,VB580039
0,0,[],200,29934
0,0,[],200,09.D939.11
0,0,[],200,PSR128513
0,0,[],200,2210101
0,0,[],200,19030-5PH-A01
0,0,[],200,41009491518
0,0,[],200,LS1854
0,0,[],200,R1503
0,0,[],200,285-70R17-BF0-KO2
0,0,[],200,A013997904564
0,0,[],200,TSB-122
0,0,[],200,6PK1880-TDR
0,0,[],200,KD2482
0,0,[],200,8PK2410-TDR
0,0,[],200,HU610X
0,0,[],200,CBF55050020
0,0,[],200,AX39
0,0,[],200,04711-TF0-900ZZ
0,0,[],200,A1648205785
0,0,[],200,241005
0,0,[],200,21815-3E550
0,0,[],200,R1147
0,0,[],200,VB570901
0,0,[],200,88501-0K091
0,0,[],200,1160600046
0,0,[],200,ATFDEXRONIII-4L
0,0,[],200,P56081
0,0,[],200,0242140535
0,0,[],200,HU6004X
0,0,[],200,77010-42060
0,0,[],200,R1512
0,0,[],200,DG1Z-18125-C
0,0,[],200,ORHY-37300-03100
0,0,[],200,LR011948
0,0,[],200,54501-CC40BMAP
0,0,[],200,81110-0C070
0,0,[],200,41272452
0,0,[],200,A45-TDR
0,0,[],200,1987432065
0,0,[],200,E129H D222
0,0,[],200,F026407183
0,0,[],200,ORN-349240
0,0,[],200,17040-VJ201
0,0,[],200,NL3Z-3A443-A
0,0,[],200,MF355LN2-IN
0,0,[],200,BR2455519 22B
0,0,[],200,225-65R17-BF1-ADTA
0,0,[],200,216496
0,0,[],200,225-55R17-MX0-HPM3
0,0,[],200,HAB-RES
0,0,[],200,171Z7502154518UHPTYA
0,0,[],200,28100-0M110E
0,0,[],200,SA-169
0,0,[],200,1987432512
0,0,[],200,19101992
0,0,[],200,1987429401
0,0,[],200,BZS85.00106
0,0,[],200,31911-2K000
0,0,[],200,MMF015164
0,0,[],200,504275191
0,0,[],200,68214425AC
0,0,[],200,3155230041
0,0,[],200,EAF00127T
0,0,[],200,BR20516D822
0,0,[],200,215-70R16C-TY1-NEV
0,0,[],200,0415-CU20
0,0,[],200,CMF-N220L
0,0,[],200,CLC77000P
0,0,[],200,A0009912595
0,0,[],200,APYC89
0,0,[],200,51670-TZ3-A01
0,0,[],200,0320-CUD
0,0,[],200,ORT-28100-0T110
0,0,[],200,BE5Z-5422600-B
0,0,[],200,161H04P1756514SKH301
0,0,[],200,5801784014
0,0,[],200,09.C882.11
0,0,[],200,54650-C1055
0,0,[],200,3672801
0,0,[],200,BMS88.00033
0,0,[],200,CTR-CEM60
0,0,[],200,5G0906259C 5G0
0,0,[],200,ADU172501
0,0,[],200,73240-35540-C0
0,0,[],200,5802878285
0,0,[],200,19349382
0,0,[],200,P85095
0,0,[],200,BMS99.00402
0,0,[],200,48521-4M500MAX
0,0,[],200,P65018
0,0,[],200,205-50R17-MX1-HPM3
0,0,[],200,3G8853651S ZLL
0,0,[],200,31262711
0,0,[],200,P50046
0,0,[],200,0092S5A040
0,0,[],200,7450A956-BP
0,0,[],200,BZS32.00047
0,0,[],200,85214-35070
0,0,[],200,P2254518P7R22
0,0,[],200,50810-SDA-A01MAP
0,0,[],200,19372460
0,0,[],200,KD2640
0,0,[],200,43850
0,0,[],200,23100-4M500DEN
0,0,[],200,6PK1870-TDR
0,0,[],200,8K0399115T
0,0,[],200,51717350591
0,0,[],200,5370A747-BP
0,0,[],200,1457429244
0,0,[],200,85371-12040
0,0,[],200,19372392
0,0,[],200,245-75R16-BF1-KO2
0,0,[],200,TC3040
0,0,[],200,55046-0W001-GR
0,0,[],200,2521505
0,0,[],200,89661-60U80
0,0,[],200,5W-30SN/CF-4L
0,0,[],200,EM42L0
0,0,[],200,215-65R16-BF1-ADTA
0,0,[],200,5PK900MIT
0,0,[],200,6PK2475-TDR
0,0,[],200,MF90D26R-OH
0,0,[],200,1987435538
0,0,[],200,6223002955701
0,0,[],200,447610-5420
0,0,[],200,11220-VW201-GR
0,0,[],200,9A7325025AX
0,0,[],200,900696-BULK
0,0,[],200,19372911
0,0,[],200,95533305261
0,0,[],200,506865
0,0,[],200,65829866932
0,0,[],200,A00207
0,0,[],200,19372400
0,0,[],200,DA-NI-065A
0,0,[],200,1002260000
0,0,[],200,504203275
0,0,[],200,0198-003
0,0,[],200,89170-33R90
0,0,[],200,32298148
0,0,[],200,20W-50SL-1L-1X1
0,0,[],200,HK2055516K22
0,0,[],200,23100-JA02ADEN
0,0,[],200,225-60R17-MX1-HPM3
0,0,[],200,41211334
0,0,[],200,51497197127
0,0,[],200,A16688567259999
0,0,[],200,51317357251
0,0,[],200,19372385
0,0,[],200,1EX 012 222-411
0,0,[],200,ADJ132128
0,0,[],200,29944
0,0,[],200,1987945730
0,0,[],200,CET148
0,0,[],200,SBP015-391
0,0,[],200,D1956515LM7023
0,0,[],200,GL2657017AME22
0,0,[],200,PSR0G2933
0,0,[],200,MA431825
0,0,[],200,R1025
0,0,[],200,F026407255
0,0,[],200,11045/1
0,0,[],200,28100-31240
0,0,[],200,631438295R
0,0,[],200,72119164051
0,0,[],200,51386BRE
0,0,[],200,A-331
0,0,[],200,85242-08020
0,0,[],200,17427634472
0,0,[],200,GFT-233
0,0,[],200,SM1757014GT22
0,0,[],200,BD0906
0,0,[],200,24117570792
0,0,[],200,6PK1425-TDR
0,0,[],200,A2657017AT22
0,0,[],200,95533233710
0,0,[],200,235-65R16C-TY1-NEV
0,0,[],200,EP45JXTP
0,0,[],200,VB580400
0,0,[],200,A1678853205
0,0,[],200,451016
0,0,[],200,88865897
0,0,[],200,W719/30
0,0,[],200,82870-6RA0B
0,0,[],200,CBF55050001
0,0,[],200,0986580426
0,0,[],200,84937-6KT1C
0,0,[],200,NX2756020RD22B
0,0,[],200,500086277
0,0,[],200,861044
0,0,[],200,SBP006-061
0,0,[],200,FR3Z-1125-E
0,0,[],200,0188-1GRFE
0,0,[],200,CUK2939
0,0,[],200,M2856517PS22
0,0,[],200,CLC65000P
0,0,[],200,77024-33090
0,0,[],200,3G8853254A GRU
0,0,[],200,75552-0C070
0,0,[],200,88650-60L80
0,0,[],200,77020-0K391
0,0,[],200,114836
0,0,[],200,E44H D110
0,0,[],200,02.22.108
0,0,[],200,88711-06230
0,0,[],200,82820-3SB0B
0,0,[],200,6PK1225-TDR
0,0,[],200,94767963
0,0,[],200,23223837
0,0,[],200,482350162
0,0,[],200,HU6008Z
0,0,[],200,260340-0600-BULK
0,0,[],200,5802703936
0,0,[],200,11320-8J000-GR
0,0,[],200,LR072439
0,0,[],200,23100-3RC2A-BP
0,0,[],200,251039
0,0,[],200,GDB1307
0,0,[],200,LVR033653
0,0,[],200,FU2056016ECO22
0,0,[],200,8J0521127
0,0,[],200,92314305
0,0,[],200,24042860
0,0,[],200,ORN-22448-AR215
0,0,[],200,504130746
0,0,[],200,R1146
0,0,[],200,5TA881862G  82V
0,0,[],200,98418719
0,0,[],200,FG1108-12B1
0,0,[],200,C3397
0,0,[],200,0AY525010N
0,0,[],200,CUK3172
0,0,[],200,87910-60M20
0,0,[],200,V10-0190-1
0,0,[],200,215-55R17PXC1S
0,0,[],200,51715-2T100
0,0,[],200,TSB-MCVF
0,0,[],200,51317422806
0,0,[],200,E2991LC
0,0,[],200,30620-01J0A
0,0,[],200,R1222
0,0,[],200,E1145L
0,0,[],200,BMS62.00080
0,0,[],200,5C5959855A ICX
0,0,[],200,25685-11010
0,0,[],200,ORT-334479
0,0,[],200,E3982LC
0,0,[],200,145520-2370
0,0,[],200,C7300-6AV0A
0,0,[],200,PSRE21529
0,0,[],200,A2215051041
0,0,[],200,33326793769
0,0,[],200,A1856014GS22
0,0,[],200,ORN-23300-1CA0A
0,0,[],200,2DUF054N-2GR
0,0,[],200,5N0122157AG
0,0,[],200,11270-95F0A-GR
0,0,[],200,1EX 014 690-011
0,0,[],200,ORN-B1010-1GZ0A
0,0,[],200,A2018
0,0,[],200,19020-RCJ-A01
0,0,[],200,E662L
0,0,[],200,09.D527.23
0,0,[],200,82831-ZX60A
0,0,[],200,1EX 014 690-031
0,0,[],200,1987946057
0,0,[],200,E977LC
0,0,[],200,42577434
0,0,[],200,1987432407
0,0,[],200,19372909
0,0,[],200,AB113000S
0,0,[],200,M26540224S22
0,0,[],200,0242229576
0,0,[],200,M27550194V22
0,0,[],200,2590102
0,0,[],200,CLC51030157-BULK
0,0,[],200,81105-TLA-A01ZB
0,0,[],200,119100-HSNS-352
0,0,[],200,4H0941774B
0,0,[],200,98044600
0,0,[],200,CMF-65D31L-VOL
0,0,[],200,E1051L
0,0,[],200,APYC10
0,0,[],200,95B521101R
0,0,[],200,7T4Z-3A428-C
0,0,[],200,5G0823301B
0,0,[],200,95006100
0,0,[],200,WHT007923
0,0,[],200,51377189267
0,0,[],200,84992-6RA0A
0,0,[],200,AK218/6
0,0,[],200,R1562
0,0,[],200,R1158
0,0,[],200,86612-C2800
0,0,[],200,LSR0091918
0,0,[],200,17218858009
0,0,[],200,VB880065
0,0,[],200,A0034202648
0,0,[],200,40389
0,0,[],200,CKMTP12
0,0,[],200,90401-16043
0,0,[],200,6PU 009 110-491
0,0,[],200,SM2256517LT22
0,0,[],200,R1840_BOTTLE
0,0,[],200,SP-1729
0,0,[],200,LP1308
0,0,[],200,1K0820679E
0,0,[],200,235-75R17.5UR275
0,0,[],200,19372862
0,0,[],200,11300-5AA-Y00
0,0,[],200,11823-1KC0D
0,0,[],200,F026400018
0,0,[],200,885699
0,0,[],200,P2953521PZY22
0,0,[],200,7PK1785-TDR
0,0,[],200,NX2854522ROH22
0,0,[],200,SP-1398
0,0,[],200,446020-0220
0,0,[],200,L0000168
0,0,[],200,E1144L
0,0,[],200,FBP-1301
0,0,[],200,BMS99.00184
0,0,[],200,245-60R18-MX1-HPM3
0,0,[],200,MF105D31L-IN
0,0,[],200,53812-BZ550-BP
0,0,[],200,5370A896-BP
0,0,[],200,BD4152
0,0,[],200,SMF-80D26L
0,0,[],200,51119852199
0,0,[],200,3146100004/HD
0,0,[],200,77391-0K110
0,0,[],200,LP1704
0,0,[],200,P50086
0,0,[],200,93902290
0,0,[],200,10W-40SN-4L-1X4
0,0,[],200,6407A144-BP
0,0,[],200,AD06R1148
0,0,[],200,ADT342221
0,0,[],200,09.D094.13
0,0,[],200,600681173
0,0,[],200,87620-6KX5B
0,0,[],200,23300-8J001DEN
0,0,[],200,21501-5ZP0A
0,0,[],200,MK547641
0,0,[],200,48068-02250
0,0,[],200,32105A39029
0,0,[],200,CTR-CLT62
0,0,[],200,42611-53520
0,0,[],200,17345134
0,0,[],200,LRS66.00011
0,0,[],200,8E0853651J 1QP
0,0,[],200,EC4H
0,0,[],200,62720-60L10
0,0,[],200,R1852
0,0,[],200,CMF-100R
0,0,[],200,1006100018/HD
0,0,[],200,88320-60691
0,0,[],200,11210-VW201-GR
0,0,[],200,1987947820
0,0,[],200,BZS32.00046
0,0,[],200,ADT322130
0,0,[],200,MD8963MAP
0,0,[],200,09.A621.11
0,0,[],200,193YU32
0,0,[],200,ORN-339368
0,0,[],200,E1305L
0,0,[],200,A2C53098411Z
0,0,[],200,A2356516AP22
0,0,[],200,24381476
0,0,[],200,315-80R22.5-TY1-M1
0,0,[],200,245-40R18-TY1-PXSP
0,0,[],200,M2356018L322
0,0,[],200,9Y0399153B
0,0,[],200,0986494256
0,0,[],200,51718268346
0,0,[],200,E2933LB
0,0,[],200,PSRE21538
0,0,[],200,ORT-27060-0T120
0,0,[],200,52107243527
0,0,[],200,88210-48122
0,0,[],200,19286093
0,0,[],200,77026-30100
0,0,[],200,3397011526
0,0,[],200,CLC102000P
0,0,[],200,87245-60D50
0,0,[],200,SBP025-681
0,0,[],200,SBP012-581
0,0,[],200,19421260
0,0,[],200,0986479S20
0,0,[],200,ORH-30521-PWA-003
0,0,[],200,76687K13AE
0,0,[],200,85212-47021
0,0,[],200,K2255517PS7122
0,0,[],200,0986494294
0,0,[],200,F026407102
0,0,[],200,FR3Z-19972-G
0,0,[],200,SP-1471
0,0,[],200,CTR-CLHO31
0,0,[],200,0986580184
0,0,[],200,P85140
0,0,[],200,R1011
0,0,[],200,225-40ZR18-MX0-HP5
